{"CY": {"UN_00": {"lang": "UN", "langFull": "Universal", "width": 10, "height": 13, "start": 16, "end": 236, "unicodeOffset": 57344, "unicodeStart": 57360, "unicodeEnd": 57580, "count": 221, "inputMap": {"10": "𝒙", "11": "𝒚", "12": "𝒛", "13": "…", "14": "▲", "15": "▼", "16": "▸", "17": "₋", "18": "$", "19": "◁", "1A": "&", "1B": "𝑡", "1C": "ᴛ", "1D": "ₜ", "1E": "ₕ", "1F": "₅", "20": " ", "21": "!", "22": "\"", "23": "#", "24": "×", "25": "%", "26": "÷", "27": "'", "28": "(", "29": ")", "2A": "⋅", "2B": "+", "2C": ",", "2D": "-", "2E": ".", "2F": "/", "30": "0", "31": "1", "32": "2", "33": "3", "34": "4", "35": "5", "36": "6", "37": "7", "38": "8", "39": "9", "3A": ":", "3B": ";", "3C": "<", "3D": "=", "3E": ">", "3F": "?", "40": "@", "41": "A", "42": "B", "43": "C", "44": "D", "45": "E", "46": "F", "47": "G", "48": "H", "49": "I", "4A": "J", "4B": "K", "4C": "L", "4D": "M", "4E": "N", "4F": "O", "50": "P", "51": "Q", "52": "R", "53": "S", "54": "T", "55": "U", "56": "V", "57": "W", "58": "X", "59": "Y", "5A": "Z", "5B": "[", "5C": "▫", "5D": "]", "5E": "^", "5F": "_", "60": "−", "61": "a", "62": "b", "63": "c", "64": "d", "65": "e", "66": "f", "67": "g", "68": "h", "69": "i", "6A": "j", "6B": "k", "6C": "l", "6D": "m", "6E": "n", "6F": "o", "70": "p", "71": "q", "72": "r", "73": "s", "74": "t", "75": "u", "76": "v", "77": "w", "78": "x", "79": "y", "7A": "z", "7B": "{", "7C": "|", "7D": "}", "7E": "~", "7F": "├", "80": "𝒊", "81": "𝒆", "82": "", "83": "", "84": "", "85": "°", "86": "ʳ", "87": "ᵍ", "88": "∠", "89": "", "8A": "", "8B": "", "8C": "", "8D": "→", "8E": "∏", "8F": "⇒", "90": "", "91": "", "92": "", "93": "⌟", "94": "≤", "95": "≠", "96": "≥", "97": "", "98": "√", "99": "∫", "9A": "ᴀ", "9B": "ʙ", "9C": "ᴄ", "9D": "ₙ", "9E": "▶", "9F": "◀", "A0": "⁰", "A1": "¹", "A2": "²", "A3": "³", "A4": "⁴", "A5": "⁵", "A6": "⁶", "A7": "⁷", "A8": "⁸", "A9": "⁹", "AA": "", "AB": "", "AC": "", "AD": "₍", "AE": "₎", "AF": "", "B0": "₀", "B1": "₁", "B2": "₂", "B3": "", "B4": "ꜰ", "B5": "ɴ", "B6": "ᴘ", "B7": "", "B8": "𝗔", "B9": "𝗕", "BA": "𝗖", "BB": "𝗗", "BC": "𝗘", "BD": "𝗙", "BE": "𝗣", "BF": "▷", "C0": "∑", "C1": "𝛼", "C2": "𝛾", "C3": "𝜀", "C4": "𝜃", "C5": "𝜆", "C6": "𝜇", "C7": "𝜋", "C8": "𝜎", "C9": "𝜙", "CA": "ℓ", "CB": "ℏ", "CC": "▮", "CD": "▯", "CE": "₃", "CF": "＿", "D0": "𝐟", "D1": "𝐩", "D2": "𝐧", "D3": "𝝁", "D4": "𝐦", "D5": "𝐤", "D6": "𝐌", "D7": "𝐆", "D8": "𝐓", "D9": "𝐏", "DA": "𝐄", "DB": "𝐹", "DC": "ₚ", "DD": "ₑ", "DE": "ᴊ", "DF": "ᴋ", "E0": "", "E1": "", "E2": "₉", "E3": "Å", "E4": "ₘ", "E5": "ɪ", "E6": "₄", "E7": "", "E8": "", "E9": "∟", "EA": "⟲", "EB": "↻", "EC": "ⁿ"}}, "UN_F0": {"lang": "UN", "langFull": "Universal", "width": 10, "height": 13, "start": 61456, "end": 61489, "unicodeOffset": 0, "unicodeStart": 61456, "unicodeEnd": 61489, "count": 34, "inputMap": {"F010": "", "F011": "", "F012": "", "F013": "", "F014": "", "F015": "", "F016": "", "F017": "", "F018": "", "F019": "", "F01A": "", "F01B": "", "F01C": "尺", "F01D": "寸", "F01E": "分", "F01F": "間", "F020": "町", "F021": "里", "F022": "海", "F023": "丈", "F024": "毛", "F025": "厘", "F026": "歩", "F027": "勺", "F028": "坪", "F029": "畝", "F02A": "反", "F02B": "升", "F02C": "合", "F02D": "斗", "F02E": "石", "F02F": "貫", "F030": "匁", "F031": "斤"}}, "CN_F1": {"lang": "CN", "langFull": "Chinese", "width": 11, "height": 12, "start": 61712, "end": 61934, "unicodeOffset": 0, "unicodeStart": 61712, "unicodeEnd": 61934, "count": 223, "inputMap": {"F110": "中", "F111": "文", "F112": "计", "F113": "算", "F114": "复", "F115": "数", "F116": "统", "F117": "分", "F118": "布", "F119": "基", "F11A": "方", "F11B": "程", "F11C": "函", "F11D": "矩", "F11E": "阵", "F11F": "表", "F120": "格", "F121": "向", "F122": "量", "F123": "验", "F124": "证", "F125": "比", "F126": "例", "F127": "不", "F128": "等", "F129": "式", "F12A": "递", "F12B": "归", "F12C": "列", "F12D": "据", "F12E": "公", "F12F": "输", "F130": "入", "F131": "出", "F132": "角", "F133": "度", "F134": "单", "F135": "位", "F136": "显", "F137": "示", "F138": "结", "F139": "果", "F13A": "循", "F13B": "环", "F13C": "小", "F13D": "点", "F13E": "字", "F13F": "隔", "F140": "符", "F141": "简", "F142": "化", "F143": "工", "F144": "号", "F145": "自", "F146": "动", "F147": "关", "F148": "闭", "F149": "电", "F14A": "源", "F14B": "语", "F14C": "言", "F14D": "多", "F14E": "行", "F14F": "对", "F150": "当", "F151": "前", "F152": "频", "F153": "学", "F154": "线", "F155": "性", "F156": "弧", "F157": "百", "F158": "带", "F159": "假", "F15A": "开", "F15B": "句", "F15C": "逗", "F15D": "手", "F15E": "钟", "F15F": "普", "F160": "通", "F161": "体", "F162": "深", "F163": "浅", "F164": "范", "F165": "围", "F166": "始", "F167": "值", "F168": "终", "F169": "止", "F16A": "步", "F16B": "长", "F16C": "真", "F16D": "继", "F16E": "续", "F16F": "正", "F170": "态", "F171": "概", "F172": "率", "F173": "密", "F174": "累", "F175": "积", "F176": "反", "F177": "二", "F178": "项", "F179": "泊", "F17A": "松", "F17B": "变", "F17C": "选", "F17D": "择", "F17E": "类", "F17F": "型", "F180": "编", "F181": "辑", "F182": "双", "F183": "回", "F184": "清", "F185": "除", "F186": "存", "F187": "储", "F188": "器", "F189": "插", "F18A": "全", "F18B": "部", "F18C": "删", "F18D": "下", "F18E": "限", "F18F": "上", "F190": "区", "F191": "域", "F192": "逆", "F193": "求", "F194": "和", "F195": "最", "F196": "大", "F197": "面", "F198": "质", "F199": "时", "F19A": "间", "F19B": "速", "F19C": "加", "F19D": "力", "F19E": "压", "F19F": "卡", "F1A0": "路", "F1A1": "里", "F1A2": "功", "F1A3": "热", "F1A4": "温", "F1A5": "粘", "F1A6": "运", "F1A7": "磁", "F1A8": "光", "F1A9": "放", "F1AA": "射", "F1AB": "吸", "F1AC": "收", "F1AD": "剂", "F1AE": "照", "F1AF": "用", "F1B0": "常", "F1B1": "原", "F1B2": "子", "F1B3": "与", "F1B4": "核", "F1B5": "物", "F1B6": "理", "F1B7": "采", "F1B8": "其", "F1B9": "他", "F1BA": "键", "F1BB": "断", "F1BC": "法", "F1BD": "错", "F1BE": "误", "F1BF": "堆", "F1C0": "栈", "F1C1": "维", "F1C2": "无", "F1C3": "解", "F1C4": "超", "F1C5": "空", "F1C6": "转", "F1C7": "到", "F1C8": "联", "F1C9": "立", "F1CA": "未", "F1CB": "知", "F1CC": "个", "F1CD": "次", "F1CE": "穷", "F1CF": "实", "F1D0": "根", "F1D1": "所", "F1D2": "有", "F1D3": "设", "F1D4": "置", "F1D5": "初", "F1D6": "是", "F1D7": "取", "F1D8": "消", "F1D9": "按", "F1DA": "。", "F1DB": "的", "F1DC": "返", "F1DD": "科", "F1DE": "规", "F1DF": "曲", "F1E0": "辐", "F1E1": "共", "F1E2": "轭", "F1E3": "提", "F1E4": "虚", "F1E5": "阶", "F1E6": "梯", "F1E7": "形", "F1E8": "转", "F1E9": "两", "F1EA": "成", "F1EB": "内", "F1EC": "定", "F1ED": "义", "F1EE": "能"}}, "JA_F1": {"lang": "JA", "langFull": "Japanese", "width": 11, "height": 12, "start": 61712, "end": 61935, "unicodeOffset": -3840, "unicodeStart": 57872, "unicodeEnd": 58095, "count": 224, "inputMap": {"F110": "日", "F111": "本", "F112": "語", "F113": "基", "F114": "計", "F115": "算", "F116": "複", "F117": "素", "F118": "数", "F119": "統", "F11A": "分", "F11B": "布", "F11C": "進", "F11D": "方", "F11E": "程", "F11F": "式", "F120": "関", "F121": "行", "F122": "列", "F123": "表", "F124": "作", "F125": "成", "F126": "ベ", "F127": "ク", "F128": "ト", "F129": "ル", "F12A": "検", "F12B": "証", "F12C": "比", "F12D": "不", "F12E": "等", "F12F": "漸", "F130": "化", "F131": "公", "F132": "集", "F133": "入", "F134": "力", "F135": "出", "F136": "角", "F137": "度", "F138": "単", "F139": "位", "F13A": "示", "F13B": "桁", "F13C": "循", "F13D": "環", "F13E": "小", "F13F": "点", "F140": "区", "F141": "切", "F142": "り", "F143": "約", "F144": "記", "F145": "号", "F146": "オ", "F147": "ー", "F148": "パ", "F149": "ワ", "F14A": "フ", "F14B": "言", "F14C": "コ", "F14D": "ン", "F14E": "ラ", "F14F": "ス", "F150": "現", "F151": "在", "F152": "の", "F153": "設", "F154": "定", "F155": "結", "F156": "果", "F157": "学", "F158": "自", "F159": "然", "F15A": "イ", "F15B": "法", "F15C": "弧", "F15D": "グ", "F15E": "ド", "F15F": "帯", "F160": "仮", "F161": "す", "F162": "る", "F163": "し", "F164": "な", "F165": "い", "F166": "ッ", "F167": "カ", "F168": "マ", "F169": "動", "F16A": "手", "F16B": "濃", "F16C": "淡", "F16D": "範", "F16E": "囲", "F16F": "開", "F170": "始", "F171": "値", "F172": "終", "F173": "了", "F174": "テ", "F175": "プ", "F176": "真", "F177": "偽", "F178": "継", "F179": "続", "F17A": "リ", "F17B": "画", "F17C": "面", "F17D": "平", "F17E": "均", "F17F": "散", "F180": "標", "F181": "準", "F182": "偏", "F183": "差", "F184": "タ", "F185": "替", "F186": "編", "F187": "変", "F188": "一", "F189": "覧", "F18A": "回", "F18B": "帰", "F18C": "デ", "F18D": "を", "F18E": "ア", "F18F": "ま", "F190": "か", "F191": "挿", "F192": "べ", "F193": "て", "F194": "削", "F195": "除", "F196": "下", "F197": "界", "F198": "上", "F199": "確", "F19A": "率", "F19B": "二", "F19C": "項", "F19D": "ポ", "F19E": "ソ", "F19F": "密", "F1A0": "累", "F1A1": "積", "F1A2": "総", "F1A3": "和", "F1A4": "最", "F1A5": "大", "F1A6": "正", "F1A7": "規", "F1A8": "長", "F1A9": "さ", "F1AA": "体", "F1AB": "質", "F1AC": "量", "F1AD": "時", "F1AE": "間", "F1AF": "速", "F1B0": "加", "F1B1": "圧", "F1B2": "エ", "F1B3": "ネ", "F1B4": "ギ", "F1B5": "仕", "F1B6": "事", "F1B7": "熱", "F1B8": "温", "F1B9": "粘", "F1BA": "磁", "F1BB": "気", "F1BC": "光", "F1BD": "放", "F1BE": "射", "F1BF": "線", "F1C0": "に", "F1C1": "流", "F1C2": "普", "F1C3": "遍", "F1C4": "電", "F1C5": "粒", "F1C6": "子", "F1C7": "お", "F1C8": "よ", "F1C9": "び", "F1CA": "原", "F1CB": "物", "F1CC": "理", "F1CD": "協", "F1CE": "そ", "F1CF": "他", "F1D0": "強", "F1D1": "制", "F1D2": "中", "F1D3": "断", "F1D4": "た", "F1D5": "書", "F1D6": "誤", "F1D7": "が", "F1D8": "あ", "F1D9": "的", "F1DA": "超", "F1DB": "え", "F1DC": "で", "F1DD": "引", "F1DE": "次", "F1DF": "元", "F1E0": "解", "F1E1": "求", "F1E2": "め", "F1E3": "こ", "F1E4": "と", "F1E5": "き", "F1E6": "せ", "F1E7": "ん", "F1E8": "ム", "F1E9": "ウ", "F1EA": "予", "F1EB": "期", "F1EC": "ぬ", "F1ED": "戻", "F1EE": "は", "F1EF": "選"}}, "JA_F2": {"lang": "JA", "langFull": "Japanese", "width": 11, "height": 12, "start": 61968, "end": 62043, "unicodeOffset": -3840, "unicodeStart": 58128, "unicodeEnd": 58203, "count": 76, "inputMap": {"F210": "択", "F211": "ィ", "F212": "内", "F213": "連", "F214": "立", "F215": "高", "F216": "無", "F217": "実", "F218": "登", "F219": "録", "F21A": "セ", "F21B": "目", "F21C": "情", "F21D": "報", "F21E": "メ", "F21F": "モ", "F220": "初", "F221": "キ", "F222": "ャ", "F223": "押", "F224": "く", "F225": "だ", "F226": "極", "F227": "以", "F228": "有", "F229": "効", "F22A": "指", "F22B": "双", "F22C": "曲", "F22D": "共", "F22E": "役", "F22F": "部", "F230": "抽", "F231": "虚", "F232": "階", "F233": "段", "F234": "被", "F235": "転", "F236": "置", "F237": "直", "F238": "交", "F239": "座", "F23A": "形", "F23B": "ジ", "F23C": "ニ", "F23D": "逆", "F23E": "空", "F23F": "容", "F240": "足", "F241": "参", "F242": "照", "F243": "周", "F244": "ノ", "F245": "チ", "F246": "括", "F247": "取", "F248": "貼", "F249": "付", "F24A": "け", "F24B": "ピ", "F24C": "再", "F24D": "決", "F24E": "バ", "F24F": "ョ", "F250": "生", "F251": "非", "F252": "対", "F253": "応", "F254": "使", "F255": "用", "F256": "可", "F257": "能", "F258": "限", "F259": "っ", "F25A": "端", "F25B": "ボ"}}, "SR_F3": {"lang": "SR", "langFull": "Serbian", "width": 10, "height": 13, "start": 62224, "end": 62422, "unicodeOffset": 0, "unicodeStart": 62224, "unicodeEnd": 62422, "count": 199, "inputMap": {"F310": "À", "F311": "Á", "F312": "Â", "F313": "Ã", "F314": "Ä", "F315": "Å", "F316": "Æ", "F317": "Ç", "F318": "È", "F319": "É", "F31A": "Ê", "F31B": "Ë", "F31C": "Ì", "F31D": "Í", "F31E": "Î", "F31F": "Ï", "F320": "Ð", "F321": "Ñ", "F322": "Ò", "F323": "Ó", "F324": "Ô", "F325": "Õ", "F326": "Ö", "F327": "Ø", "F328": "Ù", "F329": "Ú", "F32A": "Û", "F32B": "Ü", "F32C": "Ý", "F32D": "Þ", "F32E": "Ÿ", "F32F": "Ă", "F330": "Ą", "F331": "Ć", "F332": "Č", "F333": "Œ", "F334": "Ď", "F335": "Ę", "F336": "Ĕ", "F337": "Ł", "F338": "Ń", "F339": "Ň", "F33A": "Ő", "F33B": "Ř", "F33C": "Ś", "F33D": "Š", "F33E": "Ť", "F33F": "Ů", "F340": "Ű", "F341": "Ź", "F342": "Ż", "F343": "¡", "F344": "¿", "F345": "à", "F346": "á", "F347": "â", "F348": "ã", "F349": "ä", "F34A": "å", "F34B": "æ", "F34C": "ç", "F34D": "è", "F34E": "é", "F34F": "ê", "F350": "ë", "F351": "ì", "F352": "í", "F353": "î", "F354": "ï", "F355": "ð", "F356": "ñ", "F357": "ò", "F358": "ó", "F359": "ô", "F35A": "õ", "F35B": "ö", "F35C": "ø", "F35D": "ù", "F35E": "ú", "F35F": "û", "F360": "ü", "F361": "ý", "F362": "þ", "F363": "ß", "F364": "ÿ", "F365": "ă", "F366": "ą", "F367": "ć", "F368": "č", "F369": "œ", "F36A": "ď", "F36B": "ę", "F36C": "ě", "F36D": "ł", "F36E": "ń", "F36F": "ň", "F370": "ő", "F371": "ř", "F372": "ś", "F373": "š", "F374": "ť", "F375": "ů", "F376": "ű", "F377": "ź", "F378": "ż", "F379": "Ĺ", "F37A": "Ľ", "F37B": "Ŕ", "F37C": "Ž", "F37D": "ĺ", "F37E": "ľ", "F37F": "ŕ", "F380": "ž", "F381": "А", "F382": "Б", "F383": "В", "F384": "Г", "F385": "Д", "F386": "Е", "F387": "Ж", "F388": "З", "F389": "И", "F38A": "Й", "F38B": "К", "F38C": "Л", "F38D": "М", "F38E": "Н", "F38F": "О", "F390": "П", "F391": "Р", "F392": "С", "F393": "Т", "F394": "У", "F395": "Ф", "F396": "Х", "F397": "Ц", "F398": "Ч", "F399": "Ш", "F39A": "Щ", "F39B": "Ъ", "F39C": "Ы", "F39D": "Ь", "F39E": "Э", "F39F": "Ю", "F3A0": "Я", "F3A1": "а", "F3A2": "б", "F3A3": "в", "F3A4": "г", "F3A5": "д", "F3A6": "е", "F3A7": "ж", "F3A8": "з", "F3A9": "и", "F3AA": "й", "F3AB": "к", "F3AC": "л", "F3AD": "м", "F3AE": "н", "F3AF": "о", "F3B0": "п", "F3B1": "р", "F3B2": "с", "F3B3": "т", "F3B4": "у", "F3B5": "ф", "F3B6": "х", "F3B7": "ц", "F3B8": "ч", "F3B9": "ш", "F3BA": "щ", "F3BB": "ъ", "F3BC": "ы", "F3BD": "ь", "F3BE": "э", "F3BF": "ю", "F3C0": "я", "F3C1": "Ћ", "F3C2": "ћ", "F3C3": "Џ", "F3C4": "џ", "F3C5": "Ђ", "F3C6": "ђ", "F3C7": "Ј", "F3C8": "ј", "F3C9": "Љ", "F3CA": "љ", "F3CB": "Њ", "F3CC": "њ", "F3CD": "Ё", "F3CE": "ё", "F3CF": "ǅ", "F3D0": "ǆ", "F3D1": "Đ", "F3D2": "đ", "F3D3": "ǈ", "F3D4": "ǉ", "F3D5": "ǋ", "F3D6": "ǌ"}}, "VN_F4": {"lang": "VN", "langFull": "Vietnamese", "width": 10, "height": 13, "start": 62480, "end": 62613, "unicodeOffset": 0, "unicodeStart": 62480, "unicodeEnd": 62613, "count": 134, "inputMap": {"F410": "Ạ", "F411": "Ắ", "F412": "Ằ", "F413": "Ặ", "F414": "Ấ", "F415": "Ầ", "F416": "Ẩ", "F417": "Ậ", "F418": "Ẽ", "F419": "Ẹ", "F41A": "Ế", "F41B": "Ề", "F41C": "Ể", "F41D": "Ễ", "F41E": "Ệ", "F41F": "Ố", "F420": "Ồ", "F421": "Ổ", "F422": "Ỗ", "F423": "Ộ", "F424": "Ợ", "F425": "Ớ", "F426": "Ờ", "F427": "Ở", "F428": "Ị", "F429": "Ỏ", "F42A": "Ọ", "F42B": "Ỉ", "F42C": "Ủ", "F42D": "Ũ", "F42E": "Ụ", "F42F": "Ỳ", "F430": "Õ", "F431": "ắ", "F432": "ằ", "F433": "ặ", "F434": "ấ", "F435": "ầ", "F436": "ẩ", "F437": "ậ", "F438": "ẽ", "F439": "ẹ", "F43A": "ế", "F43B": "ề", "F43C": "ể", "F43D": "ễ", "F43E": "ệ", "F43F": "ố", "F440": "ồ", "F441": "ổ", "F442": "ỗ", "F443": "Ỡ", "F444": "Ơ", "F445": "ộ", "F446": "ờ", "F447": "ở", "F448": "ị", "F449": "Ự", "F44A": "Ứ", "F44B": "Ừ", "F44C": "Ử", "F44D": "ơ", "F44E": "ớ", "F44F": "Ư", "F450": "À", "F451": "Á", "F452": "Â", "F453": "Ã", "F454": "Ả", "F455": "Ă", "F456": "ẳ", "F457": "ẵ", "F458": "È", "F459": "É", "F45A": "Ê", "F45B": "Ẻ", "F45C": "Ì", "F45D": "Í", "F45E": "Ĩ", "F45F": "ỳ", "F460": "Đ", "F461": "ứ", "F462": "Ò", "F463": "Ó", "F464": "Ô", "F465": "ạ", "F466": "ỷ", "F467": "ừ", "F468": "ử", "F469": "Ù", "F46A": "Ú", "F46B": "ỹ", "F46C": "ỵ", "F46D": "Ý", "F46E": "ỡ", "F46F": "ư", "F470": "à", "F471": "á", "F472": "â", "F473": "ã", "F474": "ả", "F475": "ă", "F476": "ữ", "F477": "ẫ", "F478": "è", "F479": "é", "F47A": "ê", "F47B": "ẻ", "F47C": "ì", "F47D": "í", "F47E": "ĩ", "F47F": "ỉ", "F480": "đ", "F481": "ự", "F482": "ò", "F483": "ó", "F484": "ô", "F485": "õ", "F486": "ỏ", "F487": "ọ", "F488": "ụ", "F489": "ù", "F48A": "ú", "F48B": "ũ", "F48C": "ủ", "F48D": "ý", "F48E": "ợ", "F48F": "Ữ", "F490": "Ẳ", "F491": "Ẵ", "F492": "Ẫ", "F493": "Ỷ", "F494": "Ỹ", "F495": "Ỵ"}}}, "EY": {"UN_00": {"lang": "UN", "langFull": "Universal", "width": 10, "height": 13, "start": 16, "end": 239, "unicodeOffset": 57344, "unicodeStart": 57360, "unicodeEnd": 57583, "count": 224, "inputMap": {"10": "𝒙", "11": "𝒚", "12": "𝒛", "13": "…", "14": "▲", "15": "▼", "16": "▸", "17": "₋", "18": "$", "19": "◁", "1A": "&", "1B": "𝑡", "1C": "ᴛ", "1D": "ₜ", "1E": "ₕ", "1F": "₅", "20": " ", "21": "!", "22": "\"", "23": "#", "24": "×", "25": "%", "26": "÷", "27": "'", "28": "(", "29": ")", "2A": "⋅", "2B": "+", "2C": ",", "2D": "-", "2E": ".", "2F": "/", "30": "0", "31": "1", "32": "2", "33": "3", "34": "4", "35": "5", "36": "6", "37": "7", "38": "8", "39": "9", "3A": ":", "3B": ";", "3C": "<", "3D": "=", "3E": ">", "3F": "?", "40": "@", "41": "A", "42": "B", "43": "C", "44": "D", "45": "E", "46": "F", "47": "G", "48": "H", "49": "I", "4A": "J", "4B": "K", "4C": "L", "4D": "M", "4E": "N", "4F": "O", "50": "P", "51": "Q", "52": "R", "53": "S", "54": "T", "55": "U", "56": "V", "57": "W", "58": "X", "59": "Y", "5A": "Z", "5B": "[", "5C": "▫", "5D": "]", "5E": "^", "5F": "_", "60": "−", "61": "a", "62": "b", "63": "c", "64": "d", "65": "e", "66": "f", "67": "g", "68": "h", "69": "i", "6A": "j", "6B": "k", "6C": "l", "6D": "m", "6E": "n", "6F": "o", "70": "p", "71": "q", "72": "r", "73": "s", "74": "t", "75": "u", "76": "v", "77": "w", "78": "x", "79": "y", "7A": "z", "7B": "{", "7C": "|", "7D": "}", "7E": "~", "7F": "├", "80": "𝒊", "81": "𝒆", "82": "", "83": "", "84": "", "85": "°", "86": "ʳ", "87": "ᵍ", "88": "∠", "89": "", "8A": "", "8B": "", "8C": "", "8D": "→", "8E": "∏", "8F": "⇒", "90": "", "91": "", "92": "", "93": "⌟", "94": "≤", "95": "≠", "96": "≥", "97": "", "98": "√", "99": "∫", "9A": "ᴀ", "9B": "ʙ", "9C": "ᴄ", "9D": "ₙ", "9E": "▶", "9F": "◀", "A0": "⁰", "A1": "¹", "A2": "²", "A3": "³", "A4": "⁴", "A5": "⁵", "A6": "⁶", "A7": "⁷", "A8": "⁸", "A9": "⁹", "AA": "", "AB": "", "AC": "", "AD": "₍", "AE": "₎", "AF": "", "B0": "₀", "B1": "₁", "B2": "₂", "B3": "", "B4": "ꜰ", "B5": "ɴ", "B6": "ᴘ", "B7": "", "B8": "𝗔", "B9": "𝗕", "BA": "𝗖", "BB": "𝗗", "BC": "𝗘", "BD": "𝗙", "BE": "𝗣", "BF": "▷", "C0": "∑", "C1": "𝛼", "C2": "𝛾", "C3": "𝜀", "C4": "𝜃", "C5": "𝜆", "C6": "𝜇", "C7": "𝜋", "C8": "𝜎", "C9": "𝜙", "CA": "ℓ", "CB": "ℏ", "CC": "▮", "CD": "▯", "CE": "₃", "CF": "＿", "D0": "𝐟", "D1": "𝐩", "D2": "𝐧", "D3": "𝝁", "D4": "𝐦", "D5": "𝐤", "D6": "𝐌", "D7": "𝐆", "D8": "𝐓", "D9": "𝐏", "DA": "𝐄", "DB": "𝐹", "DC": "ₚ", "DD": "ₑ", "DE": "ᴊ", "DF": "ᴋ", "E0": "", "E1": "", "E2": "₉", "E3": "Å", "E4": "ₘ", "E5": "ɪ", "E6": "₄", "E7": "", "E8": "", "E9": "∟", "EA": "⟲", "EB": "↻", "EC": "ⁿ", "ED": "", "EE": "", "EF": ""}}, "UN_F0": {"lang": "UN", "langFull": "Universal", "width": 10, "height": 13, "start": 61456, "end": 61505, "unicodeOffset": 0, "unicodeStart": 61456, "unicodeEnd": 61505, "count": 50, "inputMap": {"F010": "", "F011": "", "F012": "", "F013": "", "F014": "", "F015": "", "F016": "", "F017": "", "F018": "", "F019": "", "F01A": "", "F01B": "", "F01C": "尺", "F01D": "寸", "F01E": "分", "F01F": "間", "F020": "町", "F021": "里", "F022": "海", "F023": "丈", "F024": "毛", "F025": "厘", "F026": "歩", "F027": "勺", "F028": "坪", "F029": "畝", "F02A": "反", "F02B": "升", "F02C": "合", "F02D": "斗", "F02E": "石", "F02F": "貫", "F030": "匁", "F031": "斤", "F032": "", "F033": "", "F034": "", "F035": "", "F036": "", "F037": "", "F038": "", "F039": "", "F03A": "", "F03B": "", "F03C": "", "F03D": "", "F03E": "", "F03F": "", "F040": "", "F041": ""}}, "CN_F1": {"lang": "CN", "langFull": "Chinese", "width": 11, "height": 13, "start": 61712, "end": 61935, "unicodeOffset": 0, "unicodeStart": 61712, "unicodeEnd": 61935, "count": 224, "inputMap": {"F110": "中", "F111": "文", "F112": "计", "F113": "算", "F114": "复", "F115": "数", "F116": "统", "F117": "分", "F118": "布", "F119": "基", "F11A": "方", "F11B": "程", "F11C": "函", "F11D": "矩", "F11E": "阵", "F11F": "表", "F120": "格", "F121": "向", "F122": "量", "F123": "验", "F124": "证", "F125": "比", "F126": "例", "F127": "不", "F128": "等", "F129": "式", "F12A": "递", "F12B": "归", "F12C": "列", "F12D": "据", "F12E": "公", "F12F": "输", "F130": "入", "F131": "出", "F132": "角", "F133": "度", "F134": "单", "F135": "位", "F136": "显", "F137": "示", "F138": "结", "F139": "果", "F13A": "循", "F13B": "环", "F13C": "小", "F13D": "点", "F13E": "字", "F13F": "隔", "F140": "符", "F141": "简", "F142": "化", "F143": "工", "F144": "号", "F145": "自", "F146": "动", "F147": "关", "F148": "闭", "F149": "电", "F14A": "源", "F14B": "语", "F14C": "言", "F14D": "多", "F14E": "行", "F14F": "对", "F150": "当", "F151": "前", "F152": "频", "F153": "学", "F154": "线", "F155": "性", "F156": "弧", "F157": "百", "F158": "带", "F159": "假", "F15A": "开", "F15B": "句", "F15C": "逗", "F15D": "手", "F15E": "钟", "F15F": "普", "F160": "通", "F161": "体", "F162": "深", "F163": "浅", "F164": "范", "F165": "围", "F166": "始", "F167": "值", "F168": "终", "F169": "止", "F16A": "步", "F16B": "长", "F16C": "真", "F16D": "继", "F16E": "续", "F16F": "正", "F170": "态", "F171": "概", "F172": "率", "F173": "密", "F174": "累", "F175": "积", "F176": "反", "F177": "二", "F178": "项", "F179": "泊", "F17A": "松", "F17B": "变", "F17C": "选", "F17D": "择", "F17E": "类", "F17F": "型", "F180": "编", "F181": "辑", "F182": "双", "F183": "回", "F184": "清", "F185": "除", "F186": "存", "F187": "储", "F188": "器", "F189": "插", "F18A": "全", "F18B": "部", "F18C": "删", "F18D": "下", "F18E": "限", "F18F": "上", "F190": "区", "F191": "域", "F192": "逆", "F193": "求", "F194": "和", "F195": "最", "F196": "大", "F197": "面", "F198": "质", "F199": "时", "F19A": "间", "F19B": "速", "F19C": "加", "F19D": "力", "F19E": "压", "F19F": "卡", "F1A0": "路", "F1A1": "里", "F1A2": "功", "F1A3": "热", "F1A4": "温", "F1A5": "粘", "F1A6": "运", "F1A7": "磁", "F1A8": "光", "F1A9": "放", "F1AA": "射", "F1AB": "吸", "F1AC": "收", "F1AD": "剂", "F1AE": "照", "F1AF": "用", "F1B0": "常", "F1B1": "原", "F1B2": "子", "F1B3": "与", "F1B4": "核", "F1B5": "物", "F1B6": "理", "F1B7": "采", "F1B8": "其", "F1B9": "他", "F1BA": "键", "F1BB": "断", "F1BC": "法", "F1BD": "错", "F1BE": "误", "F1BF": "堆", "F1C0": "栈", "F1C1": "维", "F1C2": "无", "F1C3": "解", "F1C4": "超", "F1C5": "空", "F1C6": "转", "F1C7": "到", "F1C8": "联", "F1C9": "立", "F1CA": "未", "F1CB": "知", "F1CC": "个", "F1CD": "次", "F1CE": "穷", "F1CF": "实", "F1D0": "根", "F1D1": "所", "F1D2": "有", "F1D3": "设", "F1D4": "置", "F1D5": "初", "F1D6": "是", "F1D7": "取", "F1D8": "消", "F1D9": "按", "F1DA": "。", "F1DB": "的", "F1DC": "返", "F1DD": "科", "F1DE": "规", "F1DF": "曲", "F1E0": "辐", "F1E1": "共", "F1E2": "轭", "F1E3": "提", "F1E4": "虚", "F1E5": "阶", "F1E6": "梯", "F1E7": "形", "F1E8": "均", "F1E9": "两", "F1EA": "成", "F1EB": "内", "F1EC": "定", "F1ED": "义", "F1EE": "能", "F1EF": "差"}}, "CN_F2": {"lang": "CN", "langFull": "Chinese", "width": 11, "height": 13, "start": 61968, "end": 62111, "unicodeOffset": 0, "unicodeStart": 61968, "unicodeEnd": 62111, "count": 144, "inputMap": {"F210": "偏", "F211": "盒", "F212": "流", "F213": "引", "F214": "元", "F215": "素", "F216": "周", "F217": "期", "F218": "重", "F219": "镧", "F21A": "系", "F21B": "锕", "F21C": "填", "F21D": "充", "F21E": "剪", "F21F": "切", "F220": "贴", "F221": "制", "F222": "新", "F223": "抓", "F224": "可", "F225": "节", "F226": "碼", "F227": "版", "F228": "本", "F229": "支", "F22A": "持", "F22B": "嵌", "F22C": "套", "F22D": "轴", "F22E": "移", "F22F": "旋", "F230": "往", "F231": "笔", "F232": "抬", "F233": "为", "F234": "指", "F235": "询", "F236": "问", "F237": "并", "F238": "配", "F239": "注", "F23A": "释", "F23B": "待", "F23C": "直", "F23D": "至", "F23E": "如", "F23F": "则", "F240": "否", "F241": "束", "F242": "执", "F243": "像", "F244": "背", "F245": "景", "F246": "网", "F247": "样", "F248": "箭", "F249": "头", "F24A": "十", "F24B": "标", "F24C": "记", "F24D": "以", "F24E": "创", "F24F": "建", "F250": "局", "F251": "泛", "F252": "析", "F253": "坐", "F254": "六", "F255": "进", "F256": "三", "F257": "换", "F258": "导", "F259": "乘", "F25A": "余", "F25B": "然", "F25C": "排", "F25D": "组", "F25E": "合", "F25F": "随", "F260": "机", "F261": "整", "F262": "约", "F263": "倍", "F264": "绝", "F265": "四", "F266": "舍", "F267": "五", "F268": "极", "F269": "秒", "F26A": "亳", "F26B": "微", "F26C": "纳", "F26D": "皮", "F26E": "飞", "F26F": "千", "F270": "兆", "F271": "吉", "F272": "太", "F273": "拍", "F274": "艾", "F275": "目", "F276": "准", "F277": "因", "F278": "调", "F279": "平", "F27A": "序", "F27B": "升", "F27C": "降", "F27D": "叉", "F27E": "启", "F27F": "确", "F280": "相", "F281": "容", "F282": "过", "F283": "认", "F284": "八", "F285": "更", "F286": "改", "F287": "逻", "F288": "缀", "F289": "掷", "F28A": "骰", "F28B": "抛", "F28C": "硬", "F28D": "币", "F28E": "圆", "F28F": "同", "F290": "一", "F291": "视", "F292": "窗", "F293": "刻", "F294": "心", "F295": "半", "F296": "撤", "F297": "退", "F298": "枚", "F299": "具", "F29A": "强", "F29B": "代", "F29C": "赋", "F29D": "剩", "F29E": "夹", "F29F": "码"}}, "JA_F1": {"lang": "JA", "langFull": "Japanese", "width": 11, "height": 13, "start": 61712, "end": 61935, "unicodeOffset": -3840, "unicodeStart": 57872, "unicodeEnd": 58095, "count": 224, "inputMap": {"F110": "日", "F111": "本", "F112": "語", "F113": "基", "F114": "計", "F115": "算", "F116": "複", "F117": "素", "F118": "数", "F119": "統", "F11A": "分", "F11B": "布", "F11C": "進", "F11D": "方", "F11E": "程", "F11F": "式", "F120": "関", "F121": "行", "F122": "列", "F123": "表", "F124": "作", "F125": "成", "F126": "ベ", "F127": "ク", "F128": "ト", "F129": "ル", "F12A": "検", "F12B": "証", "F12C": "比", "F12D": "不", "F12E": "等", "F12F": "漸", "F130": "化", "F131": "公", "F132": "集", "F133": "入", "F134": "力", "F135": "出", "F136": "角", "F137": "度", "F138": "単", "F139": "位", "F13A": "示", "F13B": "桁", "F13C": "循", "F13D": "環", "F13E": "小", "F13F": "点", "F140": "区", "F141": "切", "F142": "り", "F143": "約", "F144": "記", "F145": "号", "F146": "オ", "F147": "ー", "F148": "パ", "F149": "ワ", "F14A": "フ", "F14B": "言", "F14C": "コ", "F14D": "ン", "F14E": "ラ", "F14F": "ス", "F150": "現", "F151": "在", "F152": "の", "F153": "設", "F154": "定", "F155": "結", "F156": "果", "F157": "学", "F158": "自", "F159": "然", "F15A": "イ", "F15B": "法", "F15C": "弧", "F15D": "グ", "F15E": "ド", "F15F": "帯", "F160": "仮", "F161": "す", "F162": "る", "F163": "し", "F164": "な", "F165": "い", "F166": "ッ", "F167": "カ", "F168": "マ", "F169": "動", "F16A": "手", "F16B": "濃", "F16C": "淡", "F16D": "範", "F16E": "囲", "F16F": "開", "F170": "始", "F171": "値", "F172": "終", "F173": "了", "F174": "テ", "F175": "プ", "F176": "真", "F177": "偽", "F178": "継", "F179": "続", "F17A": "リ", "F17B": "画", "F17C": "面", "F17D": "平", "F17E": "均", "F17F": "散", "F180": "標", "F181": "準", "F182": "偏", "F183": "差", "F184": "タ", "F185": "替", "F186": "編", "F187": "変", "F188": "一", "F189": "覧", "F18A": "回", "F18B": "帰", "F18C": "デ", "F18D": "を", "F18E": "ア", "F18F": "ま", "F190": "か", "F191": "挿", "F192": "べ", "F193": "て", "F194": "削", "F195": "除", "F196": "下", "F197": "界", "F198": "上", "F199": "確", "F19A": "率", "F19B": "二", "F19C": "項", "F19D": "ポ", "F19E": "ソ", "F19F": "密", "F1A0": "累", "F1A1": "積", "F1A2": "総", "F1A3": "和", "F1A4": "最", "F1A5": "大", "F1A6": "正", "F1A7": "規", "F1A8": "長", "F1A9": "さ", "F1AA": "体", "F1AB": "質", "F1AC": "量", "F1AD": "時", "F1AE": "間", "F1AF": "速", "F1B0": "加", "F1B1": "圧", "F1B2": "エ", "F1B3": "ネ", "F1B4": "ギ", "F1B5": "仕", "F1B6": "事", "F1B7": "熱", "F1B8": "温", "F1B9": "粘", "F1BA": "磁", "F1BB": "気", "F1BC": "光", "F1BD": "放", "F1BE": "射", "F1BF": "線", "F1C0": "に", "F1C1": "流", "F1C2": "普", "F1C3": "遍", "F1C4": "電", "F1C5": "粒", "F1C6": "子", "F1C7": "お", "F1C8": "よ", "F1C9": "び", "F1CA": "原", "F1CB": "物", "F1CC": "理", "F1CD": "協", "F1CE": "そ", "F1CF": "他", "F1D0": "強", "F1D1": "制", "F1D2": "中", "F1D3": "断", "F1D4": "た", "F1D5": "書", "F1D6": "誤", "F1D7": "が", "F1D8": "あ", "F1D9": "的", "F1DA": "超", "F1DB": "え", "F1DC": "で", "F1DD": "引", "F1DE": "次", "F1DF": "元", "F1E0": "解", "F1E1": "求", "F1E2": "め", "F1E3": "こ", "F1E4": "と", "F1E5": "き", "F1E6": "せ", "F1E7": "ん", "F1E8": "ム", "F1E9": "ウ", "F1EA": "予", "F1EB": "期", "F1EC": "ぬ", "F1ED": "戻", "F1EE": "は", "F1EF": "選"}}, "JA_F2": {"lang": "JA", "langFull": "Japanese", "width": 11, "height": 13, "start": 61968, "end": 62119, "unicodeOffset": -3840, "unicodeStart": 58128, "unicodeEnd": 58279, "count": 152, "inputMap": {"F210": "択", "F211": "ィ", "F212": "内", "F213": "連", "F214": "立", "F215": "高", "F216": "無", "F217": "実", "F218": "登", "F219": "録", "F21A": "セ", "F21B": "目", "F21C": "情", "F21D": "報", "F21E": "メ", "F21F": "モ", "F220": "初", "F221": "キ", "F222": "ャ", "F223": "押", "F224": "く", "F225": "だ", "F226": "極", "F227": "以", "F228": "有", "F229": "効", "F22A": "指", "F22B": "双", "F22C": "曲", "F22D": "共", "F22E": "役", "F22F": "部", "F230": "抽", "F231": "虚", "F232": "階", "F233": "段", "F234": "被", "F235": "転", "F236": "置", "F237": "直", "F238": "交", "F239": "座", "F23A": "形", "F23B": "ジ", "F23C": "ニ", "F23D": "逆", "F23E": "空", "F23F": "容", "F240": "足", "F241": "参", "F242": "照", "F243": "周", "F244": "ノ", "F245": "チ", "F246": "括", "F247": "取", "F248": "貼", "F249": "付", "F24A": "け", "F24B": "ピ", "F24C": "再", "F24D": "決", "F24E": "バ", "F24F": "ョ", "F250": "生", "F251": "非", "F252": "対", "F253": "応", "F254": "使", "F255": "用", "F256": "可", "F257": "能", "F258": "限", "F259": "つ", "F25A": "端", "F25B": "ボ", "F25C": "れ", "F25D": "み", "F25E": "わ", "F25F": "じ", "F260": "ミ", "F261": "ロ", "F262": "ナ", "F263": "ェ", "F264": "ガ", "F265": "ペ", "F266": "サ", "F267": "ブ", "F268": "シ", "F269": "、", "F26A": "。", "F26B": "文", "F26C": "字", "F26D": "析", "F26E": "秒", "F26F": "三", "F270": "科", "F271": "換", "F272": "微", "F273": "余", "F274": "乗", "F275": "順", "F276": "組", "F277": "合", "F278": "乱", "F279": "整", "F27A": "倍", "F27B": "絶", "F27C": "丸", "F27D": "向", "F27E": "較", "F27F": "演", "F280": "未", "F281": "義", "F282": "機", "F283": "因", "F284": "保", "F285": "存", "F286": "呼", "F287": "新", "F288": "四", "F289": "並", "F28A": "昇", "F28B": "降", "F28C": "外", "F28D": "判", "F28E": "別", "F28F": "推", "F290": "認", "F291": "個", "F292": "更", "F293": "論", "F294": "接", "F295": "頭", "F296": "辞", "F297": "円", "F298": "試", "F299": "固", "F29A": "相", "F29B": "領", "F29C": "域", "F29D": "盛", "F29E": "幅", "F29F": "央", "F2A0": "種", "F2A1": "類", "F2A2": "半", "F2A3": "枚", "F2A4": "ダ", "F2A5": "も", "F2A6": "心", "F2A7": "常"}}, "SR_F3": {"lang": "SR", "langFull": "Serbian", "width": 10, "height": 13, "start": 62224, "end": 62422, "unicodeOffset": 0, "unicodeStart": 62224, "unicodeEnd": 62422, "count": 199, "inputMap": {"F310": "À", "F311": "Á", "F312": "Â", "F313": "Ã", "F314": "Ä", "F315": "Å", "F316": "Æ", "F317": "Ç", "F318": "È", "F319": "É", "F31A": "Ê", "F31B": "Ë", "F31C": "Ì", "F31D": "Í", "F31E": "Î", "F31F": "Ï", "F320": "Ð", "F321": "Ñ", "F322": "Ò", "F323": "Ó", "F324": "Ô", "F325": "Õ", "F326": "Ö", "F327": "Ø", "F328": "Ù", "F329": "Ú", "F32A": "Û", "F32B": "Ü", "F32C": "Ý", "F32D": "Þ", "F32E": "Ÿ", "F32F": "Ă", "F330": "Ą", "F331": "Ć", "F332": "Č", "F333": "Œ", "F334": "Ď", "F335": "Ę", "F336": "Ĕ", "F337": "Ł", "F338": "Ń", "F339": "Ň", "F33A": "Ő", "F33B": "Ř", "F33C": "Ś", "F33D": "Š", "F33E": "Ť", "F33F": "Ů", "F340": "Ű", "F341": "Ź", "F342": "Ż", "F343": "¡", "F344": "¿", "F345": "à", "F346": "á", "F347": "â", "F348": "ã", "F349": "ä", "F34A": "å", "F34B": "æ", "F34C": "ç", "F34D": "è", "F34E": "é", "F34F": "ê", "F350": "ë", "F351": "ì", "F352": "í", "F353": "î", "F354": "ï", "F355": "ð", "F356": "ñ", "F357": "ò", "F358": "ó", "F359": "ô", "F35A": "õ", "F35B": "ö", "F35C": "ø", "F35D": "ù", "F35E": "ú", "F35F": "û", "F360": "ü", "F361": "ý", "F362": "þ", "F363": "ß", "F364": "ÿ", "F365": "ă", "F366": "ą", "F367": "ć", "F368": "č", "F369": "œ", "F36A": "ď", "F36B": "ę", "F36C": "ě", "F36D": "ł", "F36E": "ń", "F36F": "ň", "F370": "ő", "F371": "ř", "F372": "ś", "F373": "š", "F374": "ť", "F375": "ů", "F376": "ű", "F377": "ź", "F378": "ż", "F379": "Ĺ", "F37A": "Ľ", "F37B": "Ŕ", "F37C": "Ž", "F37D": "ĺ", "F37E": "ľ", "F37F": "ŕ", "F380": "ž", "F381": "А", "F382": "Б", "F383": "В", "F384": "Г", "F385": "Д", "F386": "Е", "F387": "Ж", "F388": "З", "F389": "И", "F38A": "Й", "F38B": "К", "F38C": "Л", "F38D": "М", "F38E": "Н", "F38F": "О", "F390": "П", "F391": "Р", "F392": "С", "F393": "Т", "F394": "У", "F395": "Ф", "F396": "Х", "F397": "Ц", "F398": "Ч", "F399": "Ш", "F39A": "Щ", "F39B": "Ъ", "F39C": "Ы", "F39D": "Ь", "F39E": "Э", "F39F": "Ю", "F3A0": "Я", "F3A1": "а", "F3A2": "б", "F3A3": "в", "F3A4": "г", "F3A5": "д", "F3A6": "е", "F3A7": "ж", "F3A8": "з", "F3A9": "и", "F3AA": "й", "F3AB": "к", "F3AC": "л", "F3AD": "м", "F3AE": "н", "F3AF": "о", "F3B0": "п", "F3B1": "р", "F3B2": "с", "F3B3": "т", "F3B4": "у", "F3B5": "ф", "F3B6": "х", "F3B7": "ц", "F3B8": "ч", "F3B9": "ш", "F3BA": "щ", "F3BB": "ъ", "F3BC": "ы", "F3BD": "ь", "F3BE": "э", "F3BF": "ю", "F3C0": "я", "F3C1": "Ћ", "F3C2": "ћ", "F3C3": "Џ", "F3C4": "џ", "F3C5": "Ђ", "F3C6": "ђ", "F3C7": "Ј", "F3C8": "ј", "F3C9": "Љ", "F3CA": "љ", "F3CB": "Њ", "F3CC": "њ", "F3CD": "Ё", "F3CE": "ё", "F3CF": "ǅ", "F3D0": "ǆ", "F3D1": "Đ", "F3D2": "đ", "F3D3": "ǈ", "F3D4": "ǉ", "F3D5": "ǋ", "F3D6": "ǌ"}}, "VN_F4": {"lang": "VN", "langFull": "Vietnamese", "width": 10, "height": 13, "start": 62480, "end": 62613, "unicodeOffset": 0, "unicodeStart": 62480, "unicodeEnd": 62613, "count": 134, "inputMap": {"F410": "Ạ", "F411": "Ắ", "F412": "Ằ", "F413": "Ặ", "F414": "Ấ", "F415": "Ầ", "F416": "Ẩ", "F417": "Ậ", "F418": "Ẽ", "F419": "Ẹ", "F41A": "Ế", "F41B": "Ề", "F41C": "Ể", "F41D": "Ễ", "F41E": "Ệ", "F41F": "Ố", "F420": "Ồ", "F421": "Ổ", "F422": "Ỗ", "F423": "Ộ", "F424": "Ợ", "F425": "Ớ", "F426": "Ờ", "F427": "Ở", "F428": "Ị", "F429": "Ỏ", "F42A": "Ọ", "F42B": "Ỉ", "F42C": "Ủ", "F42D": "Ũ", "F42E": "Ụ", "F42F": "Ỳ", "F430": "Õ", "F431": "ắ", "F432": "ằ", "F433": "ặ", "F434": "ấ", "F435": "ầ", "F436": "ẩ", "F437": "ậ", "F438": "ẽ", "F439": "ẹ", "F43A": "ế", "F43B": "ề", "F43C": "ể", "F43D": "ễ", "F43E": "ệ", "F43F": "ố", "F440": "ồ", "F441": "ổ", "F442": "ỗ", "F443": "Ỡ", "F444": "Ơ", "F445": "ộ", "F446": "ờ", "F447": "ở", "F448": "ị", "F449": "Ự", "F44A": "Ứ", "F44B": "Ừ", "F44C": "Ử", "F44D": "ơ", "F44E": "ớ", "F44F": "Ư", "F450": "À", "F451": "Á", "F452": "Â", "F453": "Ã", "F454": "Ả", "F455": "Ă", "F456": "ẳ", "F457": "ẵ", "F458": "È", "F459": "É", "F45A": "Ê", "F45B": "Ẻ", "F45C": "Ì", "F45D": "Í", "F45E": "Ĩ", "F45F": "ỳ", "F460": "Đ", "F461": "ứ", "F462": "Ò", "F463": "Ó", "F464": "Ô", "F465": "ạ", "F466": "ỷ", "F467": "ừ", "F468": "ử", "F469": "Ù", "F46A": "Ú", "F46B": "ỹ", "F46C": "ỵ", "F46D": "Ý", "F46E": "ỡ", "F46F": "ư", "F470": "à", "F471": "á", "F472": "â", "F473": "ã", "F474": "ả", "F475": "ă", "F476": "ữ", "F477": "ẫ", "F478": "è", "F479": "é", "F47A": "ê", "F47B": "ẻ", "F47C": "ì", "F47D": "í", "F47E": "ĩ", "F47F": "ỉ", "F480": "đ", "F481": "ự", "F482": "ò", "F483": "ó", "F484": "ô", "F485": "õ", "F486": "ỏ", "F487": "ọ", "F488": "ụ", "F489": "ù", "F48A": "ú", "F48B": "ũ", "F48C": "ủ", "F48D": "ý", "F48E": "ợ", "F48F": "Ữ", "F490": "Ẳ", "F491": "Ẵ", "F492": "Ẫ", "F493": "Ỷ", "F494": "Ỹ", "F495": "Ỵ"}}}, "ESP": {"UN_00": {"lang": "UN", "langFull": "Universal", "width": 5, "height": 9, "start": 0, "end": 14, "unicodeOffset": 57344, "unicodeStart": 57344, "unicodeEnd": 57358, "count": 15, "inputMap": {"00": "", "01": "¿", "02": "à", "03": "á", "04": "é", "05": "í", "06": "ó", "07": "ö", "08": "ü", "09": "ú", "0A": "¡", "0B": "Ó", "0C": "ä", "0D": "", "0E": ""}}, "UN_20": {"lang": "UN", "langFull": "Universal", "width": 5, "height": 9, "start": 32, "end": 207, "unicodeOffset": 57344, "unicodeStart": 57376, "unicodeEnd": 57551, "count": 176, "inputMap": {"20": " ", "21": "!", "22": "\"", "23": "#", "24": "×", "25": "%", "26": "÷", "27": "'", "28": "(", "29": ")", "2A": "⋅", "2B": "+", "2C": ",", "2D": "-", "2E": ".", "2F": "/", "30": "0", "31": "1", "32": "2", "33": "3", "34": "4", "35": "5", "36": "6", "37": "7", "38": "8", "39": "9", "3A": ":", "3B": ";", "3C": "<", "3D": "=", "3E": ">", "3F": "?", "40": "@", "41": "A", "42": "B", "43": "C", "44": "D", "45": "E", "46": "F", "47": "G", "48": "H", "49": "I", "4A": "J", "4B": "K", "4C": "L", "4D": "M", "4E": "N", "4F": "O", "50": "P", "51": "Q", "52": "R", "53": "S", "54": "T", "55": "U", "56": "V", "57": "W", "58": "X", "59": "Y", "5A": "Z", "5B": "[", "5C": "▫", "5D": "]", "5E": "^", "5F": "_", "60": "−", "61": "a", "62": "b", "63": "c", "64": "d", "65": "e", "66": "f", "67": "g", "68": "h", "69": "i", "6A": "j", "6B": "k", "6C": "l", "6D": "m", "6E": "n", "6F": "o", "70": "p", "71": "q", "72": "r", "73": "s", "74": "t", "75": "u", "76": "v", "77": "w", "78": "x", "79": "y", "7A": "z", "7B": "{", "7C": "|", "7D": "}", "7E": "~", "7F": "├", "80": "𝒊", "81": "𝒆", "82": "", "83": "", "84": "", "85": "°", "86": "ʳ", "87": "ᵍ", "88": "∠", "89": "", "8A": "", "8B": "", "8C": "", "8D": "→", "8E": "∏", "8F": "⇒", "90": "", "91": "", "92": "", "93": "⌟", "94": "≤", "95": "≠", "96": "≥", "97": "", "98": "√", "99": "∫", "9A": "ᴀ", "9B": "ʙ", "9C": "ᴄ", "9D": "ₙ", "9E": "▶", "9F": "◀", "A0": "⁰", "A1": "¹", "A2": "²", "A3": "³", "A4": "⁴", "A5": "⁵", "A6": "⁶", "A7": "⁷", "A8": "⁸", "A9": "⁹", "AA": "", "AB": "", "AC": "", "AD": "₍", "AE": "₎", "AF": "", "B0": "₀", "B1": "₁", "B2": "₂", "B3": "", "B4": "ꜰ", "B5": "ɴ", "B6": "ᴘ", "B7": "", "B8": "𝗔", "B9": "𝗕", "BA": "𝗖", "BB": "𝗗", "BC": "𝗘", "BD": "𝗙", "BE": "𝗣", "BF": "▷", "C0": "∑", "C1": "𝛼", "C2": "𝛾", "C3": "𝜀", "C4": "𝜃", "C5": "𝜆", "C6": "𝜇", "C7": "𝜋", "C8": "𝜎", "C9": "𝜙", "CA": "ℓ", "CB": "ℏ", "CC": "▮", "CD": "▯", "CE": "₃", "CF": "＿"}}}, "ESPS": {"UNS_00": {"lang": "UNS", "langFull": "UniversalSmall", "width": 5, "height": 7, "start": 0, "end": 14, "unicodeOffset": 57600, "unicodeStart": 57600, "unicodeEnd": 57614, "count": 15, "inputMap": {"00": "", "01": "¿", "02": "à", "03": "á", "04": "é", "05": "í", "06": "ó", "07": "ö", "08": "ü", "09": "ú", "0A": "¡", "0B": "Ó", "0C": "ä", "0D": "", "0E": ""}}, "UNS_20": {"lang": "UNS", "langFull": "UniversalSmall", "width": 5, "height": 7, "start": 32, "end": 207, "unicodeOffset": 57600, "unicodeStart": 57632, "unicodeEnd": 57807, "count": 176, "inputMap": {"20": " ", "21": "!", "22": "\"", "23": "#", "24": "×", "25": "%", "26": "÷", "27": "'", "28": "(", "29": ")", "2A": "⋅", "2B": "+", "2C": ",", "2D": "-", "2E": ".", "2F": "/", "30": "0", "31": "1", "32": "2", "33": "3", "34": "4", "35": "5", "36": "6", "37": "7", "38": "8", "39": "9", "3A": ":", "3B": ";", "3C": "<", "3D": "=", "3E": ">", "3F": "?", "40": "@", "41": "A", "42": "B", "43": "C", "44": "D", "45": "E", "46": "F", "47": "G", "48": "H", "49": "I", "4A": "J", "4B": "K", "4C": "L", "4D": "M", "4E": "N", "4F": "O", "50": "P", "51": "Q", "52": "R", "53": "S", "54": "T", "55": "U", "56": "V", "57": "W", "58": "X", "59": "Y", "5A": "Z", "5B": "[", "5C": "▫", "5D": "]", "5E": "^", "5F": "_", "60": "−", "61": "a", "62": "b", "63": "c", "64": "d", "65": "e", "66": "f", "67": "g", "68": "h", "69": "i", "6A": "j", "6B": "k", "6C": "l", "6D": "m", "6E": "n", "6F": "o", "70": "p", "71": "q", "72": "r", "73": "s", "74": "t", "75": "u", "76": "v", "77": "w", "78": "x", "79": "y", "7A": "z", "7B": "{", "7C": "|", "7D": "}", "7E": "~", "7F": "├", "80": "𝒊", "81": "𝒆", "82": "", "83": "", "84": "", "85": "°", "86": "ʳ", "87": "ᵍ", "88": "∠", "89": "", "8A": "", "8B": "", "8C": "", "8D": "→", "8E": "∏", "8F": "⇒", "90": "", "91": "", "92": "", "93": "⌟", "94": "≤", "95": "≠", "96": "≥", "97": "", "98": "√", "99": "∫", "9A": "ᴀ", "9B": "ʙ", "9C": "ᴄ", "9D": "ₙ", "9E": "▶", "9F": "◀", "A0": "⁰", "A1": "¹", "A2": "²", "A3": "³", "A4": "⁴", "A5": "⁵", "A6": "⁶", "A7": "⁷", "A8": "⁸", "A9": "⁹", "AA": "", "AB": "", "AC": "", "AD": "₍", "AE": "₎", "AF": "", "B0": "₀", "B1": "₁", "B2": "₂", "B3": "", "B4": "ꜰ", "B5": "ɴ", "B6": "ᴘ", "B7": "", "B8": "𝗔", "B9": "𝗕", "BA": "𝗖", "BB": "𝗗", "BC": "𝗘", "BD": "𝗙", "BE": "𝗣", "BF": "▷", "C0": "∑", "C1": "𝛼", "C2": "𝛾", "C3": "𝜀", "C4": "𝜃", "C5": "𝜆", "C6": "𝜇", "C7": "𝜋", "C8": "𝜎", "C9": "𝜙", "CA": "ℓ", "CB": "ℏ", "CC": "▮", "CD": "▯", "CE": "₃", "CF": "＿"}}}, "ESPT0": {"UNT0_00": {"lang": "UNT0", "langFull": "UniversalType0", "width": 5, "height": 9, "start": 0, "end": 11, "unicodeOffset": 57344, "unicodeStart": 57344, "unicodeEnd": 57355, "count": 12, "inputMap": {"00": "", "01": "¿", "02": "à", "03": "á", "04": "é", "05": "í", "06": "ó", "07": "ö", "08": "ü", "09": "ú", "0A": "¡", "0B": "Ó"}}, "UNT0_20": {"lang": "UNT0", "langFull": "UniversalType0", "width": 5, "height": 9, "start": 32, "end": 207, "unicodeOffset": 57344, "unicodeStart": 57376, "unicodeEnd": 57551, "count": 176, "inputMap": {"20": " ", "21": "!", "22": "\"", "23": "#", "24": "×", "25": "%", "26": "÷", "27": "'", "28": "(", "29": ")", "2A": "⋅", "2B": "+", "2C": ",", "2D": "-", "2E": ".", "2F": "/", "30": "0", "31": "1", "32": "2", "33": "3", "34": "4", "35": "5", "36": "6", "37": "7", "38": "8", "39": "9", "3A": ":", "3B": ";", "3C": "<", "3D": "=", "3E": ">", "3F": "?", "40": "@", "41": "A", "42": "B", "43": "C", "44": "D", "45": "E", "46": "F", "47": "G", "48": "H", "49": "I", "4A": "J", "4B": "K", "4C": "L", "4D": "M", "4E": "N", "4F": "O", "50": "P", "51": "Q", "52": "R", "53": "S", "54": "T", "55": "U", "56": "V", "57": "W", "58": "X", "59": "Y", "5A": "Z", "5B": "[", "5C": "▫", "5D": "]", "5E": "^", "5F": "_", "60": "−", "61": "a", "62": "b", "63": "c", "64": "d", "65": "e", "66": "f", "67": "g", "68": "h", "69": "i", "6A": "j", "6B": "k", "6C": "l", "6D": "m", "6E": "n", "6F": "o", "70": "p", "71": "q", "72": "r", "73": "s", "74": "t", "75": "u", "76": "v", "77": "w", "78": "x", "79": "y", "7A": "z", "7B": "{", "7C": "|", "7D": "}", "7E": "~", "7F": "", "80": "𝒊", "81": "𝒆", "82": "", "83": "", "84": "", "85": "°", "86": "ʳ", "87": "ᵍ", "88": "∠", "89": "", "8A": "", "8B": "", "8C": "", "8D": "→", "8E": "", "8F": "⇒", "90": "", "91": "", "92": "", "93": "⌟", "94": "≤", "95": "≠", "96": "≥", "97": "", "98": "√", "99": "∫", "9A": "ᴀ", "9B": "ʙ", "9C": "ᴄ", "9D": "ₙ", "9E": "▶", "9F": "◀", "A0": "⁰", "A1": "¹", "A2": "²", "A3": "³", "A4": "⁴", "A5": "⁵", "A6": "⁶", "A7": "⁷", "A8": "⁸", "A9": "⁹", "AA": "", "AB": "", "AC": "", "AD": "₍", "AE": "₎", "AF": "", "B0": "₀", "B1": "₁", "B2": "₂", "B3": "", "B4": "ꜰ", "B5": "ɴ", "B6": "ᴘ", "B7": "", "B8": "𝗔", "B9": "𝗕", "BA": "𝗖", "BB": "𝗗", "BC": "𝗘", "BD": "𝗙", "BE": "𝗣", "BF": "▷", "C0": "∑", "C1": "𝛼", "C2": "𝛾", "C3": "𝜀", "C4": "𝜃", "C5": "𝜆", "C6": "𝜇", "C7": "𝜋", "C8": "𝜎", "C9": "𝜙", "CA": "ℓ", "CB": "ℏ", "CC": "▮", "CD": "▯", "CE": "₃", "CF": "＿"}}}, "ESPT0S": {"UNT0S_00": {"lang": "UNT0S", "langFull": "UniversalType0Small", "width": 5, "height": 7, "start": 0, "end": 11, "unicodeOffset": 57600, "unicodeStart": 57600, "unicodeEnd": 57611, "count": 12, "inputMap": {"00": "", "01": "¿", "02": "à", "03": "á", "04": "é", "05": "í", "06": "ó", "07": "ö", "08": "ü", "09": "ú", "0A": "¡", "0B": "Ó"}}, "UNT0S_20": {"lang": "UNT0S", "langFull": "UniversalType0Small", "width": 5, "height": 7, "start": 32, "end": 207, "unicodeOffset": 57600, "unicodeStart": 57632, "unicodeEnd": 57807, "count": 176, "inputMap": {"20": " ", "21": "!", "22": "\"", "23": "#", "24": "×", "25": "%", "26": "÷", "27": "'", "28": "(", "29": ")", "2A": "⋅", "2B": "+", "2C": ",", "2D": "-", "2E": ".", "2F": "/", "30": "0", "31": "1", "32": "2", "33": "3", "34": "4", "35": "5", "36": "6", "37": "7", "38": "8", "39": "9", "3A": ":", "3B": ";", "3C": "<", "3D": "=", "3E": ">", "3F": "?", "40": "@", "41": "A", "42": "B", "43": "C", "44": "D", "45": "E", "46": "F", "47": "G", "48": "H", "49": "I", "4A": "J", "4B": "K", "4C": "L", "4D": "M", "4E": "N", "4F": "O", "50": "P", "51": "Q", "52": "R", "53": "S", "54": "T", "55": "U", "56": "V", "57": "W", "58": "X", "59": "Y", "5A": "Z", "5B": "[", "5C": "▫", "5D": "]", "5E": "^", "5F": "_", "60": "−", "61": "a", "62": "b", "63": "c", "64": "d", "65": "e", "66": "f", "67": "g", "68": "h", "69": "i", "6A": "j", "6B": "k", "6C": "l", "6D": "m", "6E": "n", "6F": "o", "70": "p", "71": "q", "72": "r", "73": "s", "74": "t", "75": "u", "76": "v", "77": "w", "78": "x", "79": "y", "7A": "z", "7B": "{", "7C": "|", "7D": "}", "7E": "~", "7F": "", "80": "𝒊", "81": "𝒆", "82": "", "83": "", "84": "", "85": "°", "86": "ʳ", "87": "ᵍ", "88": "∠", "89": "", "8A": "", "8B": "", "8C": "", "8D": "→", "8E": "", "8F": "⇒", "90": "", "91": "", "92": "", "93": "⌟", "94": "≤", "95": "≠", "96": "≥", "97": "", "98": "√", "99": "∫", "9A": "ᴀ", "9B": "ʙ", "9C": "ᴄ", "9D": "ₙ", "9E": "▶", "9F": "◀", "A0": "⁰", "A1": "¹", "A2": "²", "A3": "³", "A4": "⁴", "A5": "⁵", "A6": "⁶", "A7": "⁷", "A8": "⁸", "A9": "⁹", "AA": "", "AB": "", "AC": "", "AD": "₍", "AE": "₎", "AF": "", "B0": "₀", "B1": "₁", "B2": "₂", "B3": "", "B4": "ꜰ", "B5": "ɴ", "B6": "ᴘ", "B7": "", "B8": "𝗔", "B9": "𝗕", "BA": "𝗖", "BB": "𝗗", "BC": "𝗘", "BD": "𝗙", "BE": "𝗣", "BF": "▷", "C0": "∑", "C1": "𝛼", "C2": "𝛾", "C3": "𝜀", "C4": "𝜃", "C5": "𝜆", "C6": "𝜇", "C7": "𝜋", "C8": "𝜎", "C9": "𝜙", "CA": "ℓ", "CB": "ℏ", "CC": "▮", "CD": "▯", "CE": "₃", "CF": "＿"}}}, "ES": {"ES_20": {"lang": "ES", "langFull": "ESNormal", "width": 5, "height": 9, "start": 32, "end": 207, "unicodeOffset": 57344, "unicodeStart": 57376, "unicodeEnd": 57551, "count": 176, "inputMap": {"20": " ", "21": "!", "22": "\"", "23": "#", "24": "×", "25": "%", "26": "÷", "27": "'", "28": "(", "29": ")", "2A": "⋅", "2B": "+", "2C": ",", "2D": "-", "2E": ".", "2F": "/", "30": "0", "31": "1", "32": "2", "33": "3", "34": "4", "35": "5", "36": "6", "37": "7", "38": "8", "39": "9", "3A": ":", "3B": ";", "3C": "<", "3D": "=", "3E": ">", "3F": "?", "40": "@", "41": "A", "42": "B", "43": "C", "44": "D", "45": "E", "46": "F", "47": "G", "48": "H", "49": "I", "4A": "J", "4B": "K", "4C": "L", "4D": "M", "4E": "N", "4F": "O", "50": "P", "51": "Q", "52": "R", "53": "S", "54": "T", "55": "U", "56": "V", "57": "W", "58": "X", "59": "Y", "5A": "Z", "5B": "[", "5C": "▫", "5D": "]", "5E": "^", "5F": "_", "60": "−", "61": "a", "62": "b", "63": "c", "64": "d", "65": "e", "66": "f", "67": "g", "68": "h", "69": "i", "6A": "j", "6B": "k", "6C": "l", "6D": "m", "6E": "n", "6F": "o", "70": "p", "71": "q", "72": "r", "73": "s", "74": "t", "75": "u", "76": "v", "77": "w", "78": "x", "79": "y", "7A": "z", "7B": "{", "7C": "|", "7D": "}", "7E": "~", "7F": "☺", "80": "𝒊", "81": "𝒆", "82": "", "83": "", "84": "", "85": "°", "86": "ʳ", "87": "ᵍ", "88": "∠", "89": "", "8A": "", "8B": "", "8C": "", "8D": "→", "8E": "↵", "8F": "⇒", "90": "", "91": "", "92": "", "93": "⌟", "94": "≤", "95": "≠", "96": "≥", "97": "◢", "98": "√", "99": "∫", "9A": "ᴀ", "9B": "ʙ", "9C": "ᴄ", "9D": "ₙ", "9E": "▶", "9F": "◀", "A0": "⁰", "A1": "¹", "A2": "²", "A3": "³", "A4": "⁴", "A5": "⁵", "A6": "⁶", "A7": "⁷", "A8": "⁸", "A9": "⁹", "AA": "", "AB": "", "AC": "", "AD": "𝐧", "AE": "𝐆", "AF": "𝐌", "B0": "₀", "B1": "₁", "B2": "₂", "B3": "", "B4": "ꜰ", "B5": "ɴ", "B6": "ᴘ", "B7": "", "B8": "𝗔", "B9": "𝗕", "BA": "𝗖", "BB": "𝗗", "BC": "𝗘", "BD": "𝗙", "BE": "𝗣", "BF": "▷", "C0": "∑", "C1": "𝛼", "C2": "𝛾", "C3": "𝜀", "C4": "𝜃", "C5": "𝜆", "C6": "𝜇", "C7": "𝜋", "C8": "𝜎", "C9": "𝜙", "CA": "ℓ", "CB": "ℏ", "CC": "▮", "CD": "▯", "CE": "₃", "CF": "＿"}}}, "ESS": {"ESS_20": {"lang": "ESS", "langFull": "ESSmall", "width": 5, "height": 6, "start": 32, "end": 207, "unicodeOffset": 57344, "unicodeStart": 57376, "unicodeEnd": 57551, "count": 176, "inputMap": {"20": " ", "21": "!", "22": "\"", "23": "#", "24": "×", "25": "%", "26": "÷", "27": "'", "28": "(", "29": ")", "2A": "⋅", "2B": "+", "2C": ",", "2D": "-", "2E": ".", "2F": "/", "30": "0", "31": "1", "32": "2", "33": "3", "34": "4", "35": "5", "36": "6", "37": "7", "38": "8", "39": "9", "3A": ":", "3B": ";", "3C": "<", "3D": "=", "3E": ">", "3F": "?", "40": "@", "41": "A", "42": "B", "43": "C", "44": "D", "45": "E", "46": "F", "47": "G", "48": "H", "49": "I", "4A": "J", "4B": "K", "4C": "L", "4D": "M", "4E": "N", "4F": "O", "50": "P", "51": "Q", "52": "R", "53": "S", "54": "T", "55": "U", "56": "V", "57": "W", "58": "X", "59": "Y", "5A": "Z", "5B": "[", "5C": "▫", "5D": "]", "5E": "^", "5F": "_", "60": "−", "61": "a", "62": "b", "63": "c", "64": "d", "65": "e", "66": "f", "67": "g", "68": "h", "69": "i", "6A": "j", "6B": "k", "6C": "l", "6D": "m", "6E": "n", "6F": "o", "70": "p", "71": "q", "72": "r", "73": "s", "74": "t", "75": "u", "76": "v", "77": "w", "78": "x", "79": "y", "7A": "z", "7B": "{", "7C": "|", "7D": "}", "7E": "~", "7F": "☺", "80": "𝒊", "81": "𝒆", "82": "", "83": "", "84": "", "85": "°", "86": "ʳ", "87": "ᵍ", "88": "∠", "89": "", "8A": "", "8B": "", "8C": "", "8D": "→", "8E": "↵", "8F": "⇒", "90": "", "91": "", "92": "", "93": "⌟", "94": "≤", "95": "≠", "96": "≥", "97": "◢", "98": "√", "99": "∫", "9A": "ᴀ", "9B": "ʙ", "9C": "ᴄ", "9D": "ₙ", "9E": "▶", "9F": "◀", "A0": "⁰", "A1": "¹", "A2": "²", "A3": "³", "A4": "⁴", "A5": "⁵", "A6": "⁶", "A7": "⁷", "A8": "⁸", "A9": "⁹", "AA": "", "AB": "", "AC": "", "AD": "𝐧", "AE": "𝐆", "AF": "𝐌", "B0": "₀", "B1": "₁", "B2": "₂", "B3": "", "B4": "ꜰ", "B5": "ɴ", "B6": "ᴘ", "B7": "", "B8": "𝗔", "B9": "𝗕", "BA": "𝗖", "BB": "𝗗", "BC": "𝗘", "BD": "𝗙", "BE": "𝗣", "BF": "▷", "C0": "∑", "C1": "𝛼", "C2": "𝛾", "C3": "𝜀", "C4": "𝜃", "C5": "𝜆", "C6": "𝜇", "C7": "𝜋", "C8": "𝜎", "C9": "𝜙", "CA": "ℓ", "CB": "ℏ", "CC": "▮", "CD": "▯", "CE": "₃", "CF": "＿"}}}, "FC": {"FC_20": {"lang": "FC", "langFull": "FCNormal", "width": 5, "height": 9, "start": 32, "end": 207, "unicodeOffset": 57344, "unicodeStart": 57376, "unicodeEnd": 57551, "count": 176, "inputMap": {"20": " ", "21": "!", "22": "\"", "23": "#", "24": "×", "25": "%", "26": "÷", "27": "'", "28": "(", "29": ")", "2A": "⋅", "2B": "+", "2C": ",", "2D": "-", "2E": ".", "2F": "/", "30": "0", "31": "1", "32": "2", "33": "3", "34": "4", "35": "5", "36": "6", "37": "7", "38": "8", "39": "9", "3A": ":", "3B": ";", "3C": "<", "3D": "=", "3E": ">", "3F": "?", "40": "@", "41": "A", "42": "B", "43": "C", "44": "D", "45": "E", "46": "F", "47": "G", "48": "H", "49": "I", "4A": "J", "4B": "K", "4C": "L", "4D": "M", "4E": "N", "4F": "O", "50": "P", "51": "Q", "52": "R", "53": "S", "54": "T", "55": "U", "56": "V", "57": "W", "58": "X", "59": "Y", "5A": "Z", "5B": "[", "5C": "▫", "5D": "]", "5E": "^", "5F": "_", "60": "−", "61": "a", "62": "b", "63": "c", "64": "d", "65": "e", "66": "f", "67": "g", "68": "h", "69": "i", "6A": "j", "6B": "k", "6C": "l", "6D": "m", "6E": "n", "6F": "o", "70": "p", "71": "q", "72": "r", "73": "s", "74": "t", "75": "u", "76": "v", "77": "w", "78": "x", "79": "y", "7A": "z", "7B": "{", "7C": "|", "7D": "}", "7E": "~", "7F": "☺", "80": "𝒊", "81": "𝒆", "82": "", "83": "", "84": "", "85": "°", "86": "ʳ", "87": "ᵍ", "88": "∠", "89": "", "8A": "", "8B": "", "8C": "", "8D": "→", "8E": "↵", "8F": "⇒", "90": "", "91": "", "92": "", "93": "⌟", "94": "≤", "95": "≠", "96": "≥", "97": "◿", "98": "√", "99": "", "9A": "ᴀ", "9B": "ʙ", "9C": "ᴄ", "9D": "ₙ", "9E": "▶", "9F": "◀", "A0": "⁰", "A1": "¹", "A2": "²", "A3": "³", "A4": "⁴", "A5": "⁵", "A6": "⁶", "A7": "⁷", "A8": "⁸", "A9": "⁹", "AA": "", "AB": "", "AC": "", "AD": "𝐧", "AE": "𝐆", "AF": "𝐌", "B0": "₀", "B1": "₁", "B2": "₂", "B3": "", "B4": "ꜰ", "B5": "ɴ", "B6": "ᴘ", "B7": "", "B8": "𝗔", "B9": "𝗕", "BA": "𝗖", "BB": "𝗗", "BC": "𝗘", "BD": "𝗙", "BE": "𝗣", "BF": "▷", "C0": "∑", "C1": "𝛼", "C2": "𝛾", "C3": "𝜀", "C4": "𝜃", "C5": "𝜆", "C6": "𝜇", "C7": "𝜋", "C8": "𝜎", "C9": "𝜙", "CA": "ℓ", "CB": "ℏ", "CC": "▮", "CD": "▯", "CE": "₃", "CF": "＿"}}}, "FCS": {"FCS_20": {"lang": "FCS", "langFull": "FCSmall", "width": 5, "height": 6, "start": 32, "end": 207, "unicodeOffset": 57344, "unicodeStart": 57376, "unicodeEnd": 57551, "count": 176, "inputMap": {"20": " ", "21": "!", "22": "\"", "23": "#", "24": "×", "25": "%", "26": "÷", "27": "'", "28": "(", "29": ")", "2A": "⋅", "2B": "+", "2C": ",", "2D": "-", "2E": ".", "2F": "/", "30": "0", "31": "1", "32": "2", "33": "3", "34": "4", "35": "5", "36": "6", "37": "7", "38": "8", "39": "9", "3A": ":", "3B": ";", "3C": "<", "3D": "=", "3E": ">", "3F": "?", "40": "@", "41": "A", "42": "B", "43": "C", "44": "D", "45": "E", "46": "F", "47": "G", "48": "H", "49": "I", "4A": "J", "4B": "K", "4C": "L", "4D": "M", "4E": "N", "4F": "O", "50": "P", "51": "Q", "52": "R", "53": "S", "54": "T", "55": "U", "56": "V", "57": "W", "58": "X", "59": "Y", "5A": "Z", "5B": "[", "5C": "▫", "5D": "]", "5E": "^", "5F": "_", "60": "−", "61": "a", "62": "b", "63": "c", "64": "d", "65": "e", "66": "f", "67": "g", "68": "h", "69": "i", "6A": "j", "6B": "k", "6C": "l", "6D": "m", "6E": "n", "6F": "o", "70": "p", "71": "q", "72": "r", "73": "s", "74": "t", "75": "u", "76": "v", "77": "w", "78": "x", "79": "y", "7A": "z", "7B": "{", "7C": "|", "7D": "}", "7E": "~", "7F": "☺", "80": "𝒊", "81": "𝒆", "82": "", "83": "", "84": "", "85": "°", "86": "ʳ", "87": "ᵍ", "88": "∠", "89": "", "8A": "", "8B": "", "8C": "", "8D": "→", "8E": "↵", "8F": "⇒", "90": "", "91": "", "92": "", "93": "⌟", "94": "≤", "95": "≠", "96": "≥", "97": "◿", "98": "√", "99": "", "9A": "ᴀ", "9B": "ʙ", "9C": "ᴄ", "9D": "ₙ", "9E": "▶", "9F": "◀", "A0": "⁰", "A1": "¹", "A2": "²", "A3": "³", "A4": "⁴", "A5": "⁵", "A6": "⁶", "A7": "⁷", "A8": "⁸", "A9": "⁹", "AA": "", "AB": "", "AC": "", "AD": "𝐧", "AE": "𝐆", "AF": "𝐌", "B0": "₀", "B1": "₁", "B2": "₂", "B3": "", "B4": "ꜰ", "B5": "ɴ", "B6": "ᴘ", "B7": "", "B8": "𝗔", "B9": "𝗕", "BA": "𝗖", "BB": "𝗗", "BC": "𝗘", "BD": "𝗙", "BE": "𝗣", "BF": "▷", "C0": "∑", "C1": "𝛼", "C2": "𝛾", "C3": "𝜀", "C4": "𝜃", "C5": "𝜆", "C6": "𝜇", "C7": "𝜋", "C8": "𝜎", "C9": "𝜙", "CA": "ℓ", "CB": "ℏ", "CC": "▮", "CD": "▯", "CE": "₃", "CF": "＿"}}}, "EYS": {"UN_00": {"lang": "UN", "langFull": "Universal", "width": 6, "height": 9, "start": 16, "end": 239, "unicodeOffset": 57344, "unicodeStart": 57360, "unicodeEnd": 57583, "count": 224, "inputMap": {"10": "𝒙", "11": "𝒚", "12": "𝒛", "13": "…", "14": "▲", "15": "▼", "16": "▸", "17": "₋", "18": "$", "19": "◁", "1A": "&", "1B": "𝑡", "1C": "ᴛ", "1D": "ₜ", "1E": "ₕ", "1F": "₅", "20": " ", "21": "!", "22": "\"", "23": "#", "24": "×", "25": "%", "26": "÷", "27": "'", "28": "(", "29": ")", "2A": "⋅", "2B": "+", "2C": ",", "2D": "-", "2E": ".", "2F": "/", "30": "0", "31": "1", "32": "2", "33": "3", "34": "4", "35": "5", "36": "6", "37": "7", "38": "8", "39": "9", "3A": ":", "3B": ";", "3C": "<", "3D": "=", "3E": ">", "3F": "?", "40": "@", "41": "A", "42": "B", "43": "C", "44": "D", "45": "E", "46": "F", "47": "G", "48": "H", "49": "I", "4A": "J", "4B": "K", "4C": "L", "4D": "M", "4E": "N", "4F": "O", "50": "P", "51": "Q", "52": "R", "53": "S", "54": "T", "55": "U", "56": "V", "57": "W", "58": "X", "59": "Y", "5A": "Z", "5B": "[", "5C": "▫", "5D": "]", "5E": "^", "5F": "_", "60": "−", "61": "a", "62": "b", "63": "c", "64": "d", "65": "e", "66": "f", "67": "g", "68": "h", "69": "i", "6A": "j", "6B": "k", "6C": "l", "6D": "m", "6E": "n", "6F": "o", "70": "p", "71": "q", "72": "r", "73": "s", "74": "t", "75": "u", "76": "v", "77": "w", "78": "x", "79": "y", "7A": "z", "7B": "{", "7C": "|", "7D": "}", "7E": "~", "7F": "├", "80": "𝒊", "81": "𝒆", "82": "", "83": "", "84": "", "85": "°", "86": "ʳ", "87": "ᵍ", "88": "∠", "89": "", "8A": "", "8B": "", "8C": "", "8D": "→", "8E": "∏", "8F": "⇒", "90": "", "91": "", "92": "", "93": "⌟", "94": "≤", "95": "≠", "96": "≥", "97": "", "98": "√", "99": "∫", "9A": "ᴀ", "9B": "ʙ", "9C": "ᴄ", "9D": "ₙ", "9E": "▶", "9F": "◀", "A0": "⁰", "A1": "¹", "A2": "²", "A3": "³", "A4": "⁴", "A5": "⁵", "A6": "⁶", "A7": "⁷", "A8": "⁸", "A9": "⁹", "AA": "", "AB": "", "AC": "", "AD": "₍", "AE": "₎", "AF": "", "B0": "₀", "B1": "₁", "B2": "₂", "B3": "", "B4": "ꜰ", "B5": "ɴ", "B6": "ᴘ", "B7": "", "B8": "𝗔", "B9": "𝗕", "BA": "𝗖", "BB": "𝗗", "BC": "𝗘", "BD": "𝗙", "BE": "𝗣", "BF": "▷", "C0": "∑", "C1": "𝛼", "C2": "𝛾", "C3": "𝜀", "C4": "𝜃", "C5": "𝜆", "C6": "𝜇", "C7": "𝜋", "C8": "𝜎", "C9": "𝜙", "CA": "ℓ", "CB": "ℏ", "CC": "▮", "CD": "▯", "CE": "₃", "CF": "＿", "D0": "𝐟", "D1": "𝐩", "D2": "𝐧", "D3": "𝝁", "D4": "𝐦", "D5": "𝐤", "D6": "𝐌", "D7": "𝐆", "D8": "𝐓", "D9": "𝐏", "DA": "𝐄", "DB": "𝐹", "DC": "ₚ", "DD": "ₑ", "DE": "ᴊ", "DF": "ᴋ", "E0": "", "E1": "", "E2": "₉", "E3": "Å", "E4": "ₘ", "E5": "ɪ", "E6": "₄", "E7": "", "E8": "", "E9": "∟", "EA": "", "EB": "", "EC": "", "ED": "", "EE": "", "EF": ""}}, "UN_F0": {"lang": "UN", "langFull": "Universal", "width": 6, "height": 9, "start": 61456, "end": 61499, "unicodeOffset": 0, "unicodeStart": 61456, "unicodeEnd": 61499, "count": 44, "inputMap": {"F010": "", "F011": "", "F012": "", "F013": "", "F014": "", "F015": "", "F016": "", "F017": "", "F018": "", "F019": "", "F01A": "", "F01B": "", "F01C": "", "F01D": "", "F01E": "", "F01F": "", "F020": "", "F021": "", "F022": "", "F023": "", "F024": "", "F025": "", "F026": "", "F027": "", "F028": "", "F029": "", "F02A": "", "F02B": "", "F02C": "", "F02D": "", "F02E": "", "F02F": "", "F030": "", "F031": "", "F032": "", "F033": "", "F034": "", "F035": "", "F036": "", "F037": "", "F038": "", "F039": "", "F03A": "", "F03B": "🔒"}}, "SR_F3": {"lang": "SR", "langFull": "Serbian", "width": 6, "height": 9, "start": 62224, "end": 62422, "unicodeOffset": 0, "unicodeStart": 62224, "unicodeEnd": 62422, "count": 199, "inputMap": {"F310": "À", "F311": "Á", "F312": "Â", "F313": "Ã", "F314": "Ä", "F315": "Å", "F316": "Æ", "F317": "Ç", "F318": "È", "F319": "É", "F31A": "Ê", "F31B": "Ë", "F31C": "Ì", "F31D": "Í", "F31E": "Î", "F31F": "Ï", "F320": "Ð", "F321": "Ñ", "F322": "Ò", "F323": "Ó", "F324": "Ô", "F325": "Õ", "F326": "Ö", "F327": "Ø", "F328": "Ù", "F329": "Ú", "F32A": "Û", "F32B": "Ü", "F32C": "Ý", "F32D": "Þ", "F32E": "Ÿ", "F32F": "Ă", "F330": "Ą", "F331": "Ć", "F332": "Č", "F333": "Œ", "F334": "Ď", "F335": "Ę", "F336": "Ĕ", "F337": "Ł", "F338": "Ń", "F339": "Ň", "F33A": "Ő", "F33B": "Ř", "F33C": "Ś", "F33D": "Š", "F33E": "Ť", "F33F": "Ů", "F340": "Ű", "F341": "Ź", "F342": "Ż", "F343": "¡", "F344": "¿", "F345": "à", "F346": "á", "F347": "â", "F348": "ã", "F349": "ä", "F34A": "å", "F34B": "æ", "F34C": "ç", "F34D": "è", "F34E": "é", "F34F": "ê", "F350": "ë", "F351": "ì", "F352": "í", "F353": "î", "F354": "ï", "F355": "ð", "F356": "ñ", "F357": "ò", "F358": "ó", "F359": "ô", "F35A": "õ", "F35B": "ö", "F35C": "ø", "F35D": "ù", "F35E": "ú", "F35F": "û", "F360": "ü", "F361": "ý", "F362": "þ", "F363": "ß", "F364": "ÿ", "F365": "ă", "F366": "ą", "F367": "ć", "F368": "č", "F369": "œ", "F36A": "ď", "F36B": "ę", "F36C": "ě", "F36D": "ł", "F36E": "ń", "F36F": "ň", "F370": "ő", "F371": "ř", "F372": "ś", "F373": "š", "F374": "ť", "F375": "ů", "F376": "ű", "F377": "ź", "F378": "ż", "F379": "Ĺ", "F37A": "Ľ", "F37B": "Ŕ", "F37C": "Ž", "F37D": "ĺ", "F37E": "ľ", "F37F": "ŕ", "F380": "ž", "F381": "А", "F382": "Б", "F383": "В", "F384": "Г", "F385": "Д", "F386": "Е", "F387": "Ж", "F388": "З", "F389": "И", "F38A": "Й", "F38B": "К", "F38C": "Л", "F38D": "М", "F38E": "Н", "F38F": "О", "F390": "П", "F391": "Р", "F392": "С", "F393": "Т", "F394": "У", "F395": "Ф", "F396": "Х", "F397": "Ц", "F398": "Ч", "F399": "Ш", "F39A": "Щ", "F39B": "Ъ", "F39C": "Ы", "F39D": "Ь", "F39E": "Э", "F39F": "Ю", "F3A0": "Я", "F3A1": "а", "F3A2": "б", "F3A3": "в", "F3A4": "г", "F3A5": "д", "F3A6": "е", "F3A7": "ж", "F3A8": "з", "F3A9": "и", "F3AA": "й", "F3AB": "к", "F3AC": "л", "F3AD": "м", "F3AE": "н", "F3AF": "о", "F3B0": "п", "F3B1": "р", "F3B2": "с", "F3B3": "т", "F3B4": "у", "F3B5": "ф", "F3B6": "х", "F3B7": "ц", "F3B8": "ч", "F3B9": "ш", "F3BA": "щ", "F3BB": "ъ", "F3BC": "ы", "F3BD": "ь", "F3BE": "э", "F3BF": "ю", "F3C0": "я", "F3C1": "Ћ", "F3C2": "ћ", "F3C3": "Џ", "F3C4": "џ", "F3C5": "Ђ", "F3C6": "ђ", "F3C7": "Ј", "F3C8": "ј", "F3C9": "Љ", "F3CA": "љ", "F3CB": "Њ", "F3CC": "њ", "F3CD": "Ё", "F3CE": "ё", "F3CF": "ǅ", "F3D0": "ǆ", "F3D1": "Đ", "F3D2": "đ", "F3D3": "ǈ", "F3D4": "ǉ", "F3D5": "ǋ", "F3D6": "ǌ"}}}, "CYS": {"UN_00": {"lang": "UN", "langFull": "Universal", "width": 6, "height": 9, "start": 16, "end": 233, "unicodeOffset": 57344, "unicodeStart": 57360, "unicodeEnd": 57577, "count": 218, "inputMap": {"10": "𝒙", "11": "𝒚", "12": "𝒛", "13": "…", "14": "▲", "15": "▼", "16": "▸", "17": "₋", "18": "$", "19": "◁", "1A": "&", "1B": "𝑡", "1C": "ᴛ", "1D": "ₜ", "1E": "ₕ", "1F": "₅", "20": " ", "21": "!", "22": "\"", "23": "#", "24": "×", "25": "%", "26": "÷", "27": "'", "28": "(", "29": ")", "2A": "⋅", "2B": "+", "2C": ",", "2D": "-", "2E": ".", "2F": "/", "30": "0", "31": "1", "32": "2", "33": "3", "34": "4", "35": "5", "36": "6", "37": "7", "38": "8", "39": "9", "3A": ":", "3B": ";", "3C": "<", "3D": "=", "3E": ">", "3F": "?", "40": "@", "41": "A", "42": "B", "43": "C", "44": "D", "45": "E", "46": "F", "47": "G", "48": "H", "49": "I", "4A": "J", "4B": "K", "4C": "L", "4D": "M", "4E": "N", "4F": "O", "50": "P", "51": "Q", "52": "R", "53": "S", "54": "T", "55": "U", "56": "V", "57": "W", "58": "X", "59": "Y", "5A": "Z", "5B": "[", "5C": "▫", "5D": "]", "5E": "^", "5F": "_", "60": "−", "61": "a", "62": "b", "63": "c", "64": "d", "65": "e", "66": "f", "67": "g", "68": "h", "69": "i", "6A": "j", "6B": "k", "6C": "l", "6D": "m", "6E": "n", "6F": "o", "70": "p", "71": "q", "72": "r", "73": "s", "74": "t", "75": "u", "76": "v", "77": "w", "78": "x", "79": "y", "7A": "z", "7B": "{", "7C": "|", "7D": "}", "7E": "~", "7F": "├", "80": "𝒊", "81": "𝒆", "82": "", "83": "", "84": "", "85": "°", "86": "ʳ", "87": "ᵍ", "88": "∠", "89": "", "8A": "", "8B": "", "8C": "", "8D": "→", "8E": "∏", "8F": "⇒", "90": "", "91": "", "92": "", "93": "⌟", "94": "≤", "95": "≠", "96": "≥", "97": "", "98": "√", "99": "∫", "9A": "ᴀ", "9B": "ʙ", "9C": "ᴄ", "9D": "ₙ", "9E": "▶", "9F": "◀", "A0": "⁰", "A1": "¹", "A2": "²", "A3": "³", "A4": "⁴", "A5": "⁵", "A6": "⁶", "A7": "⁷", "A8": "⁸", "A9": "⁹", "AA": "", "AB": "", "AC": "", "AD": "₍", "AE": "₎", "AF": "", "B0": "₀", "B1": "₁", "B2": "₂", "B3": "", "B4": "ꜰ", "B5": "ɴ", "B6": "ᴘ", "B7": "", "B8": "𝗔", "B9": "𝗕", "BA": "𝗖", "BB": "𝗗", "BC": "𝗘", "BD": "𝗙", "BE": "𝗣", "BF": "▷", "C0": "∑", "C1": "𝛼", "C2": "𝛾", "C3": "𝜀", "C4": "𝜃", "C5": "𝜆", "C6": "𝜇", "C7": "𝜋", "C8": "𝜎", "C9": "𝜙", "CA": "ℓ", "CB": "ℏ", "CC": "▮", "CD": "▯", "CE": "₃", "CF": "＿", "D0": "𝐟", "D1": "𝐩", "D2": "𝐧", "D3": "𝝁", "D4": "𝐦", "D5": "𝐤", "D6": "𝐌", "D7": "𝐆", "D8": "𝐓", "D9": "𝐏", "DA": "𝐄", "DB": "𝐹", "DC": "ₚ", "DD": "ₑ", "DE": "ᴊ", "DF": "ᴋ", "E0": "", "E1": "", "E2": "₉", "E3": "Å", "E4": "ₘ", "E5": "ɪ", "E6": "₄", "E7": "", "E8": "", "E9": "∟"}}, "UN_F0": {"lang": "UN", "langFull": "Universal", "width": 6, "height": 9, "start": 61456, "end": 61467, "unicodeOffset": 0, "unicodeStart": 61456, "unicodeEnd": 61467, "count": 12, "inputMap": {"F010": "", "F011": "", "F012": "", "F013": "", "F014": "", "F015": "", "F016": "", "F017": "", "F018": "", "F019": "", "F01A": "", "F01B": ""}}, "SR_F3": {"lang": "SR", "langFull": "Serbian", "width": 6, "height": 9, "start": 62224, "end": 62422, "unicodeOffset": 0, "unicodeStart": 62224, "unicodeEnd": 62422, "count": 199, "inputMap": {"F310": "À", "F311": "Á", "F312": "Â", "F313": "Ã", "F314": "Ä", "F315": "Å", "F316": "Æ", "F317": "Ç", "F318": "È", "F319": "É", "F31A": "Ê", "F31B": "Ë", "F31C": "Ì", "F31D": "Í", "F31E": "Î", "F31F": "Ï", "F320": "Ð", "F321": "Ñ", "F322": "Ò", "F323": "Ó", "F324": "Ô", "F325": "Õ", "F326": "Ö", "F327": "Ø", "F328": "Ù", "F329": "Ú", "F32A": "Û", "F32B": "Ü", "F32C": "Ý", "F32D": "Þ", "F32E": "Ÿ", "F32F": "Ă", "F330": "Ą", "F331": "Ć", "F332": "Č", "F333": "Œ", "F334": "Ď", "F335": "Ę", "F336": "Ĕ", "F337": "Ł", "F338": "Ń", "F339": "Ň", "F33A": "Ő", "F33B": "Ř", "F33C": "Ś", "F33D": "Š", "F33E": "Ť", "F33F": "Ů", "F340": "Ű", "F341": "Ź", "F342": "Ż", "F343": "¡", "F344": "¿", "F345": "à", "F346": "á", "F347": "â", "F348": "ã", "F349": "ä", "F34A": "å", "F34B": "æ", "F34C": "ç", "F34D": "è", "F34E": "é", "F34F": "ê", "F350": "ë", "F351": "ì", "F352": "í", "F353": "î", "F354": "ï", "F355": "ð", "F356": "ñ", "F357": "ò", "F358": "ó", "F359": "ô", "F35A": "õ", "F35B": "ö", "F35C": "ø", "F35D": "ù", "F35E": "ú", "F35F": "û", "F360": "ü", "F361": "ý", "F362": "þ", "F363": "ß", "F364": "ÿ", "F365": "ă", "F366": "ą", "F367": "ć", "F368": "č", "F369": "œ", "F36A": "ď", "F36B": "ę", "F36C": "ě", "F36D": "ł", "F36E": "ń", "F36F": "ň", "F370": "ő", "F371": "ř", "F372": "ś", "F373": "š", "F374": "ť", "F375": "ů", "F376": "ű", "F377": "ź", "F378": "ż", "F379": "Ĺ", "F37A": "Ľ", "F37B": "Ŕ", "F37C": "Ž", "F37D": "ĺ", "F37E": "ľ", "F37F": "ŕ", "F380": "ž", "F381": "А", "F382": "Б", "F383": "В", "F384": "Г", "F385": "Д", "F386": "Е", "F387": "Ж", "F388": "З", "F389": "И", "F38A": "Й", "F38B": "К", "F38C": "Л", "F38D": "М", "F38E": "Н", "F38F": "О", "F390": "П", "F391": "Р", "F392": "С", "F393": "Т", "F394": "У", "F395": "Ф", "F396": "Х", "F397": "Ц", "F398": "Ч", "F399": "Ш", "F39A": "Щ", "F39B": "Ъ", "F39C": "Ы", "F39D": "Ь", "F39E": "Э", "F39F": "Ю", "F3A0": "Я", "F3A1": "а", "F3A2": "б", "F3A3": "в", "F3A4": "г", "F3A5": "д", "F3A6": "е", "F3A7": "ж", "F3A8": "з", "F3A9": "и", "F3AA": "й", "F3AB": "к", "F3AC": "л", "F3AD": "м", "F3AE": "н", "F3AF": "о", "F3B0": "п", "F3B1": "р", "F3B2": "с", "F3B3": "т", "F3B4": "у", "F3B5": "ф", "F3B6": "х", "F3B7": "ц", "F3B8": "ч", "F3B9": "ш", "F3BA": "щ", "F3BB": "ъ", "F3BC": "ы", "F3BD": "ь", "F3BE": "э", "F3BF": "ю", "F3C0": "я", "F3C1": "Ћ", "F3C2": "ћ", "F3C3": "Џ", "F3C4": "џ", "F3C5": "Ђ", "F3C6": "ђ", "F3C7": "Ј", "F3C8": "ј", "F3C9": "Љ", "F3CA": "љ", "F3CB": "Њ", "F3CC": "њ", "F3CD": "Ё", "F3CE": "ё", "F3CF": "ǅ", "F3D0": "ǆ", "F3D1": "Đ", "F3D2": "đ", "F3D3": "ǈ", "F3D4": "ǉ", "F3D5": "ǋ", "F3D6": "ǌ"}}}, "EYT": {"UN_00": {"lang": "UN", "langFull": "Universal", "width": 6, "height": 7, "start": 16, "end": 233, "unicodeOffset": 57344, "unicodeStart": 57360, "unicodeEnd": 57577, "count": 218, "inputMap": {"10": "𝒙", "11": "𝒚", "12": "𝒛", "13": "…", "14": "▲", "15": "▼", "16": "▸", "17": "₋", "18": "$", "19": "◁", "1A": "&", "1B": "𝑡", "1C": "ᴛ", "1D": "ₜ", "1E": "ₕ", "1F": "₅", "20": " ", "21": "!", "22": "\"", "23": "#", "24": "×", "25": "%", "26": "÷", "27": "'", "28": "(", "29": ")", "2A": "⋅", "2B": "+", "2C": ",", "2D": "-", "2E": ".", "2F": "/", "30": "0", "31": "1", "32": "2", "33": "3", "34": "4", "35": "5", "36": "6", "37": "7", "38": "8", "39": "9", "3A": ":", "3B": ";", "3C": "<", "3D": "=", "3E": ">", "3F": "?", "40": "@", "41": "A", "42": "B", "43": "C", "44": "D", "45": "E", "46": "F", "47": "G", "48": "H", "49": "I", "4A": "J", "4B": "K", "4C": "L", "4D": "M", "4E": "N", "4F": "O", "50": "P", "51": "Q", "52": "R", "53": "S", "54": "T", "55": "U", "56": "V", "57": "W", "58": "X", "59": "Y", "5A": "Z", "5B": "[", "5C": "▫", "5D": "]", "5E": "^", "5F": "_", "60": "−", "61": "a", "62": "b", "63": "c", "64": "d", "65": "e", "66": "f", "67": "g", "68": "h", "69": "i", "6A": "j", "6B": "k", "6C": "l", "6D": "m", "6E": "n", "6F": "o", "70": "p", "71": "q", "72": "r", "73": "s", "74": "t", "75": "u", "76": "v", "77": "w", "78": "x", "79": "y", "7A": "z", "7B": "{", "7C": "|", "7D": "}", "7E": "~", "7F": "├", "80": "𝒊", "81": "𝒆", "82": "", "83": "", "84": "", "85": "°", "86": "ʳ", "87": "ᵍ", "88": "∠", "89": "", "8A": "", "8B": "", "8C": "", "8D": "→", "8E": "∏", "8F": "⇒", "90": "", "91": "", "92": "", "93": "⌟", "94": "≤", "95": "≠", "96": "≥", "97": "", "98": "√", "99": "∫", "9A": "ᴀ", "9B": "ʙ", "9C": "ᴄ", "9D": "ₙ", "9E": "▶", "9F": "◀", "A0": "⁰", "A1": "¹", "A2": "²", "A3": "³", "A4": "⁴", "A5": "⁵", "A6": "⁶", "A7": "⁷", "A8": "⁸", "A9": "⁹", "AA": "", "AB": "", "AC": "", "AD": "₍", "AE": "₎", "AF": "", "B0": "₀", "B1": "₁", "B2": "₂", "B3": "", "B4": "ꜰ", "B5": "ɴ", "B6": "ᴘ", "B7": "", "B8": "𝗔", "B9": "𝗕", "BA": "𝗖", "BB": "𝗗", "BC": "𝗘", "BD": "𝗙", "BE": "𝗣", "BF": "▷", "C0": "∑", "C1": "𝛼", "C2": "𝛾", "C3": "𝜀", "C4": "𝜃", "C5": "𝜆", "C6": "𝜇", "C7": "𝜋", "C8": "𝜎", "C9": "𝜙", "CA": "ℓ", "CB": "ℏ", "CC": "▮", "CD": "▯", "CE": "₃", "CF": "＿", "D0": "𝐟", "D1": "𝐩", "D2": "𝐧", "D3": "𝝁", "D4": "𝐦", "D5": "𝐤", "D6": "𝐌", "D7": "𝐆", "D8": "𝐓", "D9": "𝐏", "DA": "𝐄", "DB": "𝐹", "DC": "ₚ", "DD": "ₑ", "DE": "ᴊ", "DF": "ᴋ", "E0": "", "E1": "", "E2": "₉", "E3": "Å", "E4": "ₘ", "E5": "ɪ", "E6": "₄", "E7": "●", "E8": "○", "E9": "∟"}}}, "CYT": {"UN_00": {"lang": "UN", "langFull": "Universal", "width": 6, "height": 7, "start": 16, "end": 233, "unicodeOffset": 57344, "unicodeStart": 57360, "unicodeEnd": 57577, "count": 218, "inputMap": {"10": "𝒙", "11": "𝒚", "12": "𝒛", "13": "…", "14": "▲", "15": "▼", "16": "▸", "17": "₋", "18": "$", "19": "◁", "1A": "&", "1B": "𝑡", "1C": "ᴛ", "1D": "ₜ", "1E": "ₕ", "1F": "₅", "20": " ", "21": "!", "22": "\"", "23": "#", "24": "×", "25": "%", "26": "÷", "27": "'", "28": "(", "29": ")", "2A": "⋅", "2B": "+", "2C": ",", "2D": "-", "2E": ".", "2F": "/", "30": "0", "31": "1", "32": "2", "33": "3", "34": "4", "35": "5", "36": "6", "37": "7", "38": "8", "39": "9", "3A": ":", "3B": ";", "3C": "<", "3D": "=", "3E": ">", "3F": "?", "40": "@", "41": "A", "42": "B", "43": "C", "44": "D", "45": "E", "46": "F", "47": "G", "48": "H", "49": "I", "4A": "J", "4B": "K", "4C": "L", "4D": "M", "4E": "N", "4F": "O", "50": "P", "51": "Q", "52": "R", "53": "S", "54": "T", "55": "U", "56": "V", "57": "W", "58": "X", "59": "Y", "5A": "Z", "5B": "[", "5C": "▫", "5D": "]", "5E": "^", "5F": "_", "60": "−", "61": "a", "62": "b", "63": "c", "64": "d", "65": "e", "66": "f", "67": "g", "68": "h", "69": "i", "6A": "j", "6B": "k", "6C": "l", "6D": "m", "6E": "n", "6F": "o", "70": "p", "71": "q", "72": "r", "73": "s", "74": "t", "75": "u", "76": "v", "77": "w", "78": "x", "79": "y", "7A": "z", "7B": "{", "7C": "|", "7D": "}", "7E": "~", "7F": "├", "80": "𝒊", "81": "𝒆", "82": "", "83": "", "84": "", "85": "°", "86": "ʳ", "87": "ᵍ", "88": "∠", "89": "", "8A": "", "8B": "", "8C": "", "8D": "→", "8E": "∏", "8F": "⇒", "90": "", "91": "", "92": "", "93": "⌟", "94": "≤", "95": "≠", "96": "≥", "97": "", "98": "√", "99": "∫", "9A": "ᴀ", "9B": "ʙ", "9C": "ᴄ", "9D": "ₙ", "9E": "▶", "9F": "◀", "A0": "⁰", "A1": "¹", "A2": "²", "A3": "³", "A4": "⁴", "A5": "⁵", "A6": "⁶", "A7": "⁷", "A8": "⁸", "A9": "⁹", "AA": "", "AB": "", "AC": "", "AD": "₍", "AE": "₎", "AF": "", "B0": "₀", "B1": "₁", "B2": "₂", "B3": "", "B4": "ꜰ", "B5": "ɴ", "B6": "ᴘ", "B7": "", "B8": "𝗔", "B9": "𝗕", "BA": "𝗖", "BB": "𝗗", "BC": "𝗘", "BD": "𝗙", "BE": "𝗣", "BF": "▷", "C0": "∑", "C1": "𝛼", "C2": "𝛾", "C3": "𝜀", "C4": "𝜃", "C5": "𝜆", "C6": "𝜇", "C7": "𝜋", "C8": "𝜎", "C9": "𝜙", "CA": "ℓ", "CB": "ℏ", "CC": "▮", "CD": "▯", "CE": "₃", "CF": "＿", "D0": "𝐟", "D1": "𝐩", "D2": "𝐧", "D3": "𝝁", "D4": "𝐦", "D5": "𝐤", "D6": "𝐌", "D7": "𝐆", "D8": "𝐓", "D9": "𝐏", "DA": "𝐄", "DB": "𝐹", "DC": "ₚ", "DD": "ₑ", "DE": "ᴊ", "DF": "ᴋ", "E0": "", "E1": "", "E2": "₉", "E3": "Å", "E4": "ₘ", "E5": "ɪ", "E6": "₄", "E7": "", "E8": "", "E9": "∟"}}}}